{
  "train_loss": [
    3.197326406052238,
    1.515502365011918,
    0.7458656759638536,
    0.38379472925474767,
    0.35353846495088775,
    0.3399581879769501,
    0.21148575312997164,
    0.1375722585147933,
    0.07907358949121676,
    0.0885181913250371,
    0.057924036953696294,
    0.04068516238935684,
    0.04000801583261866,
    0.02949788255347429,
    0.03100759830742486,
    0.07687505103010488,
    0.03248209346968092
  ],
  "train_accuracy": [
    0.18666666666666668,
    0.5791666666666667,
    0.8016666666666666,
    0.9033333333333333,
    0.9066666666666666,
    0.9166666666666666,
    0.9533333333333334,
    0.97,
    0.9816666666666667,
    0.98,
    0.9858333333333333,
    0.9933333333333333,
    0.9916666666666667,
    0.9941666666666666,
    0.9933333333333333,
    0.98,
    0.9933333333333333
  ],
  "val_loss": [
    2.357402196297279,
    1.3392855479167058,
    0.8926883660829984,
    0.8792391006763165,
    0.8450663043902471,
    0.7322285289947803,
    0.8025930707271283,
    0.7410947726323054,
    0.7489365064180814,
    0.659334489932427,
    0.585479409648822,
    0.5353047114152175,
    0.5443915724754333,
    0.5818238304211543,
    0.6143257125065877,
    0.6298610247098483,
    0.5709859763200467
  ],
  "val_accuracy": [
    0.355,
    0.6525,
    0.755,
    0.7375,
    0.7475,
    0.775,
    0.79,
    0.7975,
    0.785,
    0.8125,
    0.8425,
    0.8525,
    0.84,
    0.8525,
    0.8425,
    0.8325,
    0.85
  ],
  "lr": [
    0.0001,
    0.0001,
    0.0001,
    8.5e-05,
    7.225000000000001e-05,
    6.141250000000001e-05,
    5.2200625000000005e-05,
    4.437053125e-05,
    3.77149515625e-05,
    3.2057708828124995e-05,
    2.7249052503906245e-05,
    2.3161694628320308e-05,
    1.9687440434072263e-05,
    1.673432436896142e-05,
    1.4224175713617208e-05,
    1.2090549356574626e-05,
    1.0276966953088432e-05
  ],
  "time": [
    44.00221800804138,
    48.66605067253113,
    47.26346802711487,
    45.507017850875854,
    174.47110247612,
    158.09877824783325,
    135.72210884094238,
    124.4524974822998,
    141.36401748657227,
    190.21811771392822,
    180.69127702713013,
    165.39546489715576,
    158.41288328170776,
    231.17615914344788,
    211.26282858848572,
    165.6507375240326,
    420.6077597141266
  ]
}