{
  "train_loss": [
    3.0178209229519495,
    1.4370273414411043,
    0.6415420441251052,
    0.38577501671878917,
    0.34753848298599843,
    0.21185582150754176,
    0.14284040450461602,
    0.10636799365870263,
    0.10682004190197117,
    0.062426408703782056,
    0.05902579853213147,
    0.05044833440823775,
    0.03498586536826272,
    0.04141561527074756,
    0.01612106040977922,
    0.04165383968747368,
    0.05981443283197127,
    0.03585362857158639,
    0.025202950995758568,
    0.021419008286963952
  ],
  "train_accuracy": [
    0.23833333333333334,
    0.6058333333333333,
    0.8258333333333333,
    0.9008333333333334,
    0.9016666666666666,
    0.95,
    0.9658333333333333,
    0.975,
    0.9741666666666666,
    0.9875,
    0.9833333333333333,
    0.9866666666666667,
    0.9933333333333333,
    0.9908333333333333,
    0.9975,
    0.9908333333333333,
    0.9858333333333333,
    0.9933333333333333,
    0.9966666666666667,
    0.9958333333333333
  ],
  "val_loss": [
    2.0608151876009426,
    1.1350827629749591,
    0.8315245875945458,
    0.8056180729315832,
    0.7737065507815435,
    0.6858550814481882,
    0.6612376501927009,
    0.6263795747206762,
    0.6247088129703815,
    0.619873950114617,
    0.5712132293444413,
    0.554494803914657,
    0.5390420831166781,
    0.5391075679889092,
    0.5374661867435162,
    0.5521900390203183,
    0.5352480388604678,
    0.5301015514593858,
    0.5122855489070599,
    0.5035499093624262
  ],
  "val_accuracy": [
    0.4425,
    0.71,
    0.7725,
    0.765,
    0.7825,
    0.815,
    0.81,
    0.835,
    0.815,
    0.815,
    0.8425,
    0.8475,
    0.845,
    0.85,
    0.85,
    0.85,
    0.8525,
    0.8525,
    0.8575,
    0.86
  ],
  "lr": [
    0.0001,
    0.0001,
    0.0001,
    8.5e-05,
    7.225000000000001e-05,
    6.141250000000001e-05,
    5.2200625000000005e-05,
    4.437053125e-05,
    3.77149515625e-05,
    3.2057708828124995e-05,
    2.7249052503906245e-05,
    2.3161694628320308e-05,
    1.9687440434072263e-05,
    1.673432436896142e-05,
    1.4224175713617208e-05,
    1.2090549356574626e-05,
    1.0276966953088432e-05,
    8.735421910125167e-06,
    7.425108623606392e-06,
    6.3113423300654325e-06
  ],
  "time": [
    55.010249853134155,
    52.706446170806885,
    54.76904487609863,
    56.80650043487549,
    199.1477825641632,
    203.68651366233826,
    373.43692111968994,
    170.11539554595947,
    263.0934977531433,
    283.5899770259857,
    142.16795897483826,
    140.8557403087616,
    147.16267108917236,
    218.97512698173523,
    340.84608483314514,
    216.58200430870056,
    217.85931944847107,
    213.94579696655273,
    195.72380566596985,
    121.12760376930237
  ]
}