{
  "train_loss": [
    3.121042766069111,
    1.3979901828263934,
    0.7959010742212597,
    0.40555820967021744,
    0.25020876232730715,
    0.17391579274676347,
    0.12121940061057869,
    0.10302280793946825,
    0.07555735100207753,
    0.07610874857116294,
    0.07087053334046352,
    0.026368874370267515,
    0.04358177670081587,
    0.04475260217747602,
    0.046675613627916106,
    0.02645482805459515,
    0.02952982541051154,
    0.029219300241062517,
    0.03768436836176797,
    0.013272305589022213
  ],
  "train_accuracy": [
    0.2025,
    0.6108333333333333,
    0.7883333333333333,
    0.8825,
    0.935,
    0.9566666666666667,
    0.9683333333333334,
    0.975,
    0.9825,
    0.9783333333333334,
    0.9841666666666666,
    0.995,
    0.9891666666666666,
    0.9866666666666667,
    0.9883333333333333,
    0.9925,
    0.9941666666666666,
    0.9933333333333333,
    0.9916666666666667,
    0.9983333333333333
  ],
  "val_loss": [
    2.0963716140160193,
    1.2163044810295105,
    0.9884027517758883,
    0.7749390579186953,
    0.6400353152018327,
    0.5543259771970602,
    0.5343828613941486,
    0.6398532814704455,
    0.48904528755408067,
    0.5586902350187302,
    0.48618389436831844,
    0.4553714623818031,
    0.4869585931301117,
    0.45252226751584274,
    0.46605556458234787,
    0.4452482209755824,
    0.43195759791594285,
    0.46134503472309846,
    0.4668916303377885,
    0.45485394849227023
  ],
  "val_accuracy": [
    0.465,
    0.66,
    0.7025,
    0.7625,
    0.7925,
    0.825,
    0.85,
    0.815,
    0.855,
    0.855,
    0.8475,
    0.855,
    0.8475,
    0.8675,
    0.85,
    0.8525,
    0.87,
    0.8625,
    0.86,
    0.86
  ],
  "lr": [
    0.0001,
    0.0001,
    0.0001,
    8.5e-05,
    7.225000000000001e-05,
    6.141250000000001e-05,
    5.2200625000000005e-05,
    4.437053125e-05,
    3.77149515625e-05,
    3.2057708828124995e-05,
    2.7249052503906245e-05,
    2.3161694628320308e-05,
    1.9687440434072263e-05,
    1.673432436896142e-05,
    1.4224175713617208e-05,
    1.2090549356574626e-05,
    1.0276966953088432e-05,
    8.735421910125167e-06,
    7.425108623606392e-06,
    6.3113423300654325e-06
  ],
  "time": [
    48.56308054924011,
    53.534812688827515,
    56.40051054954529,
    55.650309801101685,
    56.42774200439453,
    54.5611138343811,
    48.88714146614075,
    48.05846118927002,
    167.9405608177185,
    171.43292474746704,
    128.4184319972992,
    167.69838881492615,
    151.66131615638733,
    168.76148748397827,
    172.32252287864685,
    166.87802028656006,
    176.01297307014465,
    172.82743906974792,
    164.51824760437012,
    181.87068629264832
  ]
}