{
  "train_loss": [
    3.1278336518689205,
    1.3677766950506913,
    0.7498847716733029,
    0.4736561979118146,
    0.27553484804536166,
    0.19532519010336777,
    0.16700672279847295,
    0.09355350897500389,
    0.08902406797891385,
    0.06010920194124705,
    0.06412303353365707,
    0.050895808669003215,
    0.04507507643000664,
    0.04294135542831531,
    0.028099915784734645,
    0.03206956485825542,
    0.06348523090740568,
    0.017891525462465852,
    0.04626606450122046,
    0.03402277816846771
  ],
  "train_accuracy": [
    0.21916666666666668,
    0.62,
    0.795,
    0.8733333333333333,
    0.9208333333333333,
    0.9491666666666667,
    0.96,
    0.9766666666666667,
    0.98,
    0.9883333333333333,
    0.985,
    0.9916666666666667,
    0.9883333333333333,
    0.9933333333333333,
    0.9933333333333333,
    0.9916666666666667,
    0.9816666666666667,
    0.9966666666666667,
    0.9891666666666666,
    0.9908333333333333
  ],
  "val_loss": [
    2.0451935529708862,
    1.2211065338208125,
    1.0349193994815533,
    0.8194052554093875,
    0.7823590796727401,
    0.7419260511031518,
    0.7459770120107211,
    0.7273959081906539,
    0.7491877697981321,
    0.7415254780879388,
    0.6920616752826251,
    0.6360690502020029,
    0.5942648849808253,
    0.6284459875180171,
    0.5865718802580466,
    0.5789209730350054,
    0.6073209437040182,
    0.5988680697404422,
    0.5630845863085526,
    0.5827414393424988
  ],
  "val_accuracy": [
    0.4425,
    0.645,
    0.6875,
    0.7525,
    0.78,
    0.7775,
    0.795,
    0.82,
    0.785,
    0.8125,
    0.805,
    0.8275,
    0.82,
    0.825,
    0.8425,
    0.8325,
    0.84,
    0.8325,
    0.85,
    0.8425
  ],
  "lr": [
    0.0001,
    0.0001,
    0.0001,
    8.5e-05,
    7.225000000000001e-05,
    6.141250000000001e-05,
    5.2200625000000005e-05,
    4.437053125e-05,
    3.77149515625e-05,
    3.2057708828124995e-05,
    2.7249052503906245e-05,
    2.3161694628320308e-05,
    1.9687440434072263e-05,
    1.673432436896142e-05,
    1.4224175713617208e-05,
    1.2090549356574626e-05,
    1.0276966953088432e-05,
    8.735421910125167e-06,
    7.425108623606392e-06,
    6.3113423300654325e-06
  ],
  "time": [
    55.949968099594116,
    56.97261023521423,
    58.0201096534729,
    58.95998740196228,
    58.82777762413025,
    59.852609634399414,
    180.17724323272705,
    177.62653875350952,
    176.2530951499939,
    164.61435437202454,
    179.35433864593506,
    159.4637966156006,
    173.15078449249268,
    201.18749594688416,
    141.5487401485443,
    186.90990233421326,
    193.25008296966553,
    136.15784335136414,
    186.2233588695526,
    183.61614966392517
  ]
}