{
  "train_loss": [
    3.0126915699557255,
    1.2334498888567875,
    0.606134862491959,
    0.34081774518678065,
    0.2623360717767163,
    0.12199290028136027,
    0.12303059484417501,
    0.11938861355577644,
    0.11165099067760534,
    0.12357044286143623,
    0.05314786730971383,
    0.05323416661275061,
    0.038599215919691086,
    0.03588874475711858,
    0.04514027665687823,
    0.011834288726707822,
    0.025272914349395586,
    0.01721571900538708,
    0.005419414272948511,
    0.017192931671161205
  ],
  "train_accuracy": [
    0.2325,
    0.6875,
    0.84,
    0.9116666666666666,
    0.9383333333333334,
    0.97,
    0.9716666666666667,
    0.9691666666666666,
    0.9733333333333334,
    0.9675,
    0.9883333333333333,
    0.9891666666666666,
    0.99,
    0.9933333333333333,
    0.9891666666666666,
    0.9983333333333333,
    0.995,
    0.9966666666666667,
    0.9991666666666666,
    0.9958333333333333
  ],
  "val_loss": [
    1.9251617101522593,
    1.0312209129333496,
    0.8311437563254283,
    0.84740772155615,
    0.6915617470557873,
    0.7393056681522956,
    0.6433105079027323,
    0.6558553530619695,
    0.5827264212645017,
    0.5969822785029044,
    0.6071614336508971,
    0.5268547993439895,
    0.5299347192049026,
    0.5227785236560382,
    0.534899082321387,
    0.4694695805127804,
    0.5111060967812171,
    0.4650853459651654,
    0.45063394193465894,
    0.45704133350115556
  ],
  "val_accuracy": [
    0.4675,
    0.725,
    0.7575,
    0.7425,
    0.7925,
    0.7925,
    0.8125,
    0.8375,
    0.84,
    0.82,
    0.845,
    0.8525,
    0.855,
    0.855,
    0.86,
    0.8725,
    0.86,
    0.88,
    0.88,
    0.8775
  ],
  "lr": [
    0.0001,
    0.0001,
    0.0001,
    8.5e-05,
    7.225000000000001e-05,
    6.141250000000001e-05,
    5.2200625000000005e-05,
    4.437053125e-05,
    3.77149515625e-05,
    3.2057708828124995e-05,
    2.7249052503906245e-05,
    2.3161694628320308e-05,
    1.9687440434072263e-05,
    1.673432436896142e-05,
    1.4224175713617208e-05,
    1.2090549356574626e-05,
    1.0276966953088432e-05,
    8.735421910125167e-06,
    7.425108623606392e-06,
    6.3113423300654325e-06
  ],
  "time": [
    40.42833495140076,
    39.30063271522522,
    39.52418255805969,
    38.29709720611572,
    160.68355464935303,
    159.70833587646484,
    109.32292795181274,
    107.86297750473022,
    104.87841749191284,
    131.18113613128662,
    253.6560091972351,
    203.9231948852539,
    203.17060041427612,
    193.24879121780396,
    138.8181929588318,
    221.02847599983215,
    172.9092240333557,
    153.1035282611847,
    163.45726132392883,
    181.63327312469482
  ]
}