{
  "train_loss": [
    3.6627681255340576,
    3.0785133587686637,
    2.7741489096691736,
    2.6062234828346655,
    2.4147144744270728,
    2.2665984787439046,
    2.0204238734747233,
    1.7506929228180332,
    1.630487714943133,
    1.584168813730541,
    1.422022985784631,
    1.2475684583187103,
    1.088656252936313,
    1.0419754558487941,
    0.9886316045334465,
    0.9637455140289507,
    0.8069465764259037,
    0.7722566198361548,
    0.7381193818230378,
    0.7026610280338087,
    0.6390503472403476,
    0.5738080339996439,
    0.5124437589394418,
    0.46377945926628616,
    0.48926613440639094,
    0.4564674967213681,
    0.40777826544485596,
    0.37272603025561885,
    0.27315841340704966,
    0.2065149849574817,
    0.18815042607878385,
    0.1741673303277869,
    0.14586612886111988,
    0.156364227988218,
    0.1443725850825247,
    0.14618802796068944,
    0.1411924373946692,
    0.15807479061186314,
    0.09778406098484993,
    0.0816433435600055
  ],
  "train_accuracy": [
    0.06333333333333334,
    0.13,
    0.16916666666666666,
    0.20333333333333334,
    0.25666666666666665,
    0.3016666666666667,
    0.38083333333333336,
    0.4658333333333333,
    0.48833333333333334,
    0.5008333333333334,
    0.5558333333333333,
    0.6025,
    0.6683333333333333,
    0.6675,
    0.6816666666666666,
    0.6825,
    0.7441666666666666,
    0.7433333333333333,
    0.7741666666666667,
    0.7716666666666666,
    0.7975,
    0.8116666666666666,
    0.8458333333333333,
    0.8458333333333333,
    0.8408333333333333,
    0.855,
    0.8816666666666667,
    0.8816666666666667,
    0.9308333333333333,
    0.95,
    0.9541666666666667,
    0.955,
    0.9666666666666667,
    0.9658333333333333,
    0.9725,
    0.97,
    0.9708333333333333,
    0.97,
    0.985,
    0.9908333333333333
  ],
  "val_loss": [
    4.08732271194458,
    3.356402122057401,
    3.2752814292907715,
    2.7305520314436693,
    2.416274015720074,
    2.7078196635613074,
    2.0869619938043447,
    1.945432580434359,
    2.0918921599021325,
    2.663623626415546,
    1.8246602095090425,
    1.7084069343713613,
    1.556409478187561,
    1.7601519731374888,
    1.7730861902236938,
    1.639972489613753,
    1.6345982001377986,
    1.6104782361250658,
    1.770799994468689,
    1.6025746693977942,
    1.5587679697917058,
    1.455483840062068,
    1.4556162082231963,
    1.3944922639773443,
    1.458770357645475,
    1.5127875942450304,
    1.6753465579106257,
    1.4092655227734492,
    1.2292187488996065,
    1.312074289872096,
    1.1722995317899263,
    1.2351876176320589,
    1.1985655564528246,
    1.169786838384775,
    1.3089204338880687,
    1.2111248947106874,
    1.4800128936767578,
    1.2129930441196148,
    1.1843523704088652,
    1.1519540135677044
  ],
  "val_accuracy": [
    0.0325,
    0.0975,
    0.105,
    0.1825,
    0.3025,
    0.205,
    0.3675,
    0.4025,
    0.4025,
    0.2625,
    0.455,
    0.4925,
    0.51,
    0.4975,
    0.4825,
    0.5275,
    0.5175,
    0.535,
    0.515,
    0.545,
    0.5675,
    0.5875,
    0.605,
    0.625,
    0.62,
    0.575,
    0.5375,
    0.6175,
    0.6475,
    0.645,
    0.665,
    0.645,
    0.6825,
    0.695,
    0.6425,
    0.69,
    0.6425,
    0.6625,
    0.68,
    0.7025
  ],
  "lr": [
    0.001,
    0.001,
    0.001,
    0.001,
    0.001,
    0.001,
    0.001,
    0.001,
    0.001,
    0.001,
    0.001,
    0.001,
    0.001,
    0.001,
    0.001,
    0.001,
    0.001,
    0.001,
    0.001,
    0.001,
    0.001,
    0.001,
    0.001,
    0.001,
    0.001,
    0.001,
    0.001,
    0.0005,
    0.0005,
    0.0005,
    0.0005,
    0.0005,
    0.0005,
    0.0005,
    0.0005,
    0.0005,
    0.0005,
    0.00025,
    0.00025,
    0.00025
  ],
  "time": [
    13.67778491973877,
    14.570803880691528,
    14.53947901725769,
    14.859006881713867,
    14.675007581710815,
    14.414064407348633,
    14.680184602737427,
    14.693421363830566,
    14.783449649810791,
    15.103621244430542,
    14.990186929702759,
    14.720344305038452,
    14.763748168945312,
    14.753455638885498,
    14.627724409103394,
    14.974976301193237,
    15.884843826293945,
    16.001187086105347,
    16.366631984710693,
    16.055476903915405,
    15.979308366775513,
    16.022186040878296,
    16.146969318389893,
    16.327287435531616,
    16.00048828125,
    16.23352289199829,
    16.116249561309814,
    16.262786865234375,
    15.969623565673828,
    15.935280084609985,
    16.081181526184082,
    15.991775512695312,
    15.707343101501465,
    15.954709768295288,
    16.305767059326172,
    16.35572385787964,
    15.718417644500732,
    16.196386337280273,
    16.31087851524353,
    16.05911922454834
  ]
}