{
  "train_loss": [
    3.635585533945184,
    3.0813555466501334,
    2.8773982775838753,
    2.5695420503616333,
    2.550151542613381,
    2.3121033969678377,
    2.1398622613204155,
    1.8860038581647371,
    1.7412597474298979,
    1.58841346753271,
    1.4637962422872846,
    1.4158173485806114,
    1.2540556333566968,
    1.1574318252111737,
    1.0218432357436733,
    0.9571263397994795,
    0.889349954692941,
    0.9007391725715838,
    0.8939244558936671,
    0.7900149288930391,
    0.7271982988244609,
    0.6740663945674896,
    0.4842111295775363,
    0.41252079645269796,
    0.32038598350788416,
    0.2987656852132396,
    0.304862294542162,
    0.30542052380348506,
    0.27740464790871266,
    0.22854221396540342,
    0.200586856587937,
    0.1907318452079045,
    0.16100786822406868,
    0.15929792880227692,
    0.14908924404727786,
    0.13357128457803474,
    0.12916773057689793,
    0.13279734885222033,
    0.15362504222675374,
    0.12356169080655825
  ],
  "train_accuracy": [
    0.060833333333333336,
    0.13333333333333333,
    0.16416666666666666,
    0.24166666666666667,
    0.2225,
    0.31833333333333336,
    0.35083333333333333,
    0.4175,
    0.4725,
    0.5125,
    0.5583333333333333,
    0.5616666666666666,
    0.6016666666666667,
    0.64,
    0.67,
    0.6908333333333333,
    0.72,
    0.7141666666666666,
    0.7058333333333333,
    0.7433333333333333,
    0.7691666666666667,
    0.7816666666666666,
    0.8591666666666666,
    0.8891666666666667,
    0.9275,
    0.925,
    0.9216666666666666,
    0.9216666666666666,
    0.9233333333333333,
    0.9416666666666667,
    0.9633333333333334,
    0.96,
    0.9775,
    0.9741666666666666,
    0.9766666666666667,
    0.98,
    0.9816666666666667,
    0.9833333333333333,
    0.9725,
    0.99
  ],
  "val_loss": [
    3.953521655156062,
    2.9549853251530576,
    2.774833624179547,
    2.651386389365563,
    2.5712159413557787,
    2.6719114230229306,
    2.106672268647414,
    1.8513374878810003,
    1.9258449902901282,
    2.0244713746584377,
    1.7231410833505483,
    1.8553893199333777,
    2.1210319078885593,
    1.7140892468965971,
    1.6233431009145884,
    1.5569138618615956,
    1.7526399080569928,
    1.5975168943405151,
    1.6329199809294481,
    1.5808177177722638,
    1.7142475843429565,
    1.6681054142805247,
    1.207694411277771,
    1.179206838974586,
    1.2189862086222722,
    1.3479140446736262,
    1.2727278150044954,
    1.2465633016366224,
    1.4394902128439684,
    1.1018135455938487,
    1.1637321435488188,
    1.114940494298935,
    1.162684977054596,
    1.2214899108960078,
    1.1041852006545434,
    1.1530547738075256,
    1.184427953683413,
    1.113424418064264,
    1.1146446672769694,
    1.1416304615827708
  ],
  "val_accuracy": [
    0.04,
    0.1725,
    0.175,
    0.2125,
    0.2,
    0.2325,
    0.3275,
    0.415,
    0.4075,
    0.415,
    0.4825,
    0.475,
    0.405,
    0.5025,
    0.54,
    0.545,
    0.5025,
    0.58,
    0.5675,
    0.585,
    0.5325,
    0.575,
    0.665,
    0.665,
    0.6775,
    0.6475,
    0.6575,
    0.6725,
    0.6125,
    0.71,
    0.6875,
    0.7075,
    0.705,
    0.6975,
    0.71,
    0.7,
    0.6975,
    0.7075,
    0.6975,
    0.69
  ],
  "lr": [
    0.001,
    0.001,
    0.001,
    0.001,
    0.001,
    0.001,
    0.001,
    0.001,
    0.001,
    0.001,
    0.001,
    0.001,
    0.001,
    0.001,
    0.001,
    0.001,
    0.001,
    0.001,
    0.001,
    0.001,
    0.001,
    0.0005,
    0.0005,
    0.0005,
    0.0005,
    0.0005,
    0.0005,
    0.0005,
    0.00025,
    0.00025,
    0.00025,
    0.00025,
    0.00025,
    0.000125,
    0.000125,
    0.000125,
    0.000125,
    6.25e-05,
    6.25e-05,
    6.25e-05
  ],
  "time": [
    16.225764513015747,
    15.798982858657837,
    16.34735107421875,
    16.1313898563385,
    16.206013202667236,
    16.444583415985107,
    15.934321641921997,
    16.219618558883667,
    16.178237676620483,
    15.567636728286743,
    15.839282512664795,
    15.69680643081665,
    16.270626544952393,
    15.99339485168457,
    15.753947973251343,
    15.768223524093628,
    15.953927278518677,
    16.050508975982666,
    16.16581106185913,
    14.009416341781616,
    11.52506685256958,
    11.755447149276733,
    11.839693307876587,
    14.26326322555542,
    16.714164972305298,
    16.272523880004883,
    16.488553047180176,
    16.26709532737732,
    16.55791711807251,
    16.221454858779907,
    16.32638955116272,
    16.41964364051819,
    16.624573945999146,
    16.527111768722534,
    15.99805235862732,
    16.613887310028076,
    15.992434024810791,
    16.641517400741577,
    16.426835536956787,
    16.90766954421997
  ]
}