{
  "train_loss": [
    3.751064244069551,
    3.211070085826673,
    3.003580457285831,
    2.769753575325012,
    2.5300865988982353,
    2.2882774597720097,
    2.1055926053147567,
    1.8801853123464083,
    1.8077497419558073,
    1.6056760675028752,
    1.4882677385681553,
    1.3574881585020768,
    1.1950390025189048,
    1.1474145823403408,
    1.1279986030177067,
    1.0132237813974683,
    0.8810928558048449,
    0.8265995845982903,
    0.7717521755318892,
    0.7539647880353426,
    0.6269049275862543,
    0.5738704996673685,
    0.5156346214445013,
    0.49316703802660894,
    0.43848942337851776,
    0.44123559445142746,
    0.4623308252347143,
    0.4018549589734328,
    0.518766097332302,
    0.2681377998700267,
    0.18352249499998594,
    0.1806197118406233,
    0.16445061309557213,
    0.14386427735811785,
    0.13262238451524785,
    0.123928252607584,
    0.09405251513970525,
    0.08909488930121849,
    0.08571416923874303,
    0.08430329533784013
  ],
  "train_accuracy": [
    0.04583333333333333,
    0.09833333333333333,
    0.1425,
    0.185,
    0.24916666666666668,
    0.31416666666666665,
    0.36833333333333335,
    0.42,
    0.44083333333333335,
    0.51,
    0.5408333333333334,
    0.5875,
    0.6208333333333333,
    0.645,
    0.6358333333333334,
    0.68,
    0.7175,
    0.74,
    0.7641666666666667,
    0.7558333333333334,
    0.7966666666666666,
    0.82,
    0.8508333333333333,
    0.8441666666666666,
    0.8708333333333333,
    0.8608333333333333,
    0.8583333333333333,
    0.8766666666666667,
    0.8325,
    0.935,
    0.9608333333333333,
    0.9575,
    0.9675,
    0.97,
    0.9758333333333333,
    0.98,
    0.9883333333333333,
    0.9908333333333333,
    0.99,
    0.9908333333333333
  ],
  "val_loss": [
    4.1282872053293085,
    3.0172724357018104,
    3.117161512374878,
    2.616352448096642,
    2.410048869939951,
    2.1188522577285767,
    2.033577011181758,
    1.960176862203158,
    1.7710502331073468,
    1.9751377472510705,
    1.686753016251784,
    1.5027278478328998,
    1.5844874198620136,
    1.3870740945522602,
    1.51125391630026,
    1.5257102159353404,
    1.4761060017805834,
    1.2547877568465013,
    1.4457302552003126,
    1.4768066773047814,
    1.4287372827529907,
    1.2613431444534888,
    1.343443696315472,
    1.2236402676655695,
    1.2627910008797278,
    1.248740315437317,
    1.2925731264627898,
    1.3632412919631371,
    1.3185219214512751,
    1.1043436298003564,
    0.9271385325835302,
    0.9750193449167105,
    1.1877476572990417,
    0.9968583629681513,
    0.9928684761890998,
    1.0596004059681525,
    1.0476773977279663,
    1.0160386149699872,
    1.0469149832542126,
    0.9834334116715652
  ],
  "val_accuracy": [
    0.03,
    0.165,
    0.14,
    0.1875,
    0.2875,
    0.365,
    0.39,
    0.3825,
    0.4375,
    0.3775,
    0.445,
    0.505,
    0.5125,
    0.565,
    0.485,
    0.53,
    0.56,
    0.585,
    0.5725,
    0.565,
    0.565,
    0.6375,
    0.585,
    0.6175,
    0.6575,
    0.6375,
    0.635,
    0.61,
    0.615,
    0.71,
    0.73,
    0.73,
    0.6825,
    0.7275,
    0.7225,
    0.7125,
    0.705,
    0.7275,
    0.715,
    0.725
  ],
  "lr": [
    0.001,
    0.001,
    0.001,
    0.001,
    0.001,
    0.001,
    0.001,
    0.001,
    0.001,
    0.001,
    0.001,
    0.001,
    0.001,
    0.001,
    0.001,
    0.001,
    0.001,
    0.001,
    0.001,
    0.001,
    0.001,
    0.001,
    0.001,
    0.001,
    0.001,
    0.001,
    0.001,
    0.001,
    0.0005,
    0.0005,
    0.0005,
    0.0005,
    0.0005,
    0.0005,
    0.00025,
    0.00025,
    0.00025,
    0.00025,
    0.000125,
    0.000125
  ],
  "time": [
    16.397908926010132,
    16.591962814331055,
    16.74172830581665,
    16.685597896575928,
    16.118132829666138,
    16.131855964660645,
    16.28562307357788,
    16.549442768096924,
    14.62089228630066,
    17.425267934799194,
    18.42839765548706,
    18.946696996688843,
    18.5109646320343,
    18.600416898727417,
    18.380743265151978,
    18.60251259803772,
    18.239425659179688,
    18.52432894706726,
    18.676868200302124,
    18.45796847343445,
    18.458082675933838,
    18.822124004364014,
    17.912749528884888,
    18.42279553413391,
    17.97521471977234,
    18.572859287261963,
    18.65589690208435,
    18.544208765029907,
    18.845374584197998,
    18.239173412322998,
    18.296364784240723,
    18.507529735565186,
    18.455117225646973,
    18.380913019180298,
    18.469735383987427,
    18.516855716705322,
    18.42874312400818,
    18.189008951187134,
    18.61722469329834,
    18.491519927978516
  ]
}