{
  "train_loss": [
    3.695663238826551,
    3.080983174474616,
    2.8204925311239144,
    2.5652688365233574,
    2.358760457289846,
    2.192823516695123,
    1.8907248377799988,
    1.7723246248144853,
    1.5395145447630632,
    1.4846841159619784,
    1.296348978030054,
    1.1932316830283718,
    1.059608457904113,
    0.9953546602475015,
    0.8918947844128859,
    0.8462519802545246,
    0.7834163182660153,
    0.6885165627065458,
    0.6423380343537581,
    0.6336448890598196,
    0.5015687730751539,
    0.3498203127007735,
    0.3406768566683719,
    0.3409313296801166,
    0.284437073884826,
    0.28690697095896067,
    0.2670055972902398,
    0.24455043340199872,
    0.19239862596518115,
    0.1799668246193936,
    0.16774480044841766,
    0.16339312689869026,
    0.15879789210463824,
    0.15474557327596764,
    0.12872360440853395,
    0.12441676874694071,
    0.11150864315660376,
    0.11994836400998266,
    0.10826256930043823,
    0.1065471283111133
  ],
  "train_accuracy": [
    0.0525,
    0.12166666666666667,
    0.17333333333333334,
    0.22583333333333333,
    0.27416666666666667,
    0.31,
    0.43333333333333335,
    0.4666666666666667,
    0.5258333333333334,
    0.5308333333333334,
    0.5816666666666667,
    0.6533333333333333,
    0.6616666666666666,
    0.6875,
    0.725,
    0.7158333333333333,
    0.76,
    0.7908333333333334,
    0.8,
    0.7975,
    0.8491666666666666,
    0.9166666666666666,
    0.9108333333333334,
    0.9075,
    0.9233333333333333,
    0.9258333333333333,
    0.9241666666666667,
    0.9383333333333334,
    0.9641666666666666,
    0.9633333333333334,
    0.9708333333333333,
    0.965,
    0.9675,
    0.97,
    0.9808333333333333,
    0.9783333333333334,
    0.9866666666666667,
    0.9816666666666667,
    0.9841666666666666,
    0.9858333333333333
  ],
  "val_loss": [
    4.064420479994554,
    3.2719498781057506,
    2.8099130667172947,
    3.5321386410639835,
    2.512602549332839,
    2.3414229979881873,
    2.6864520953251767,
    2.2028421071859507,
    1.906435095346891,
    2.189113112596365,
    1.9213714691308827,
    1.6682119919703557,
    1.7895812529783983,
    1.6638355805323675,
    1.6994557564075177,
    1.553803489758418,
    1.6859674178636992,
    1.9380862346062293,
    2.0501947769751916,
    1.9062198308797984,
    1.435645552781912,
    1.3598257005214691,
    1.4485915165681105,
    1.2909057140350342,
    1.2954182533117442,
    1.3928743325746977,
    1.217593027995183,
    1.3954886473142183,
    1.2736989213870122,
    1.1965506489460285,
    1.2143183396412776,
    1.294520080089569,
    1.2747265696525574,
    1.2273294925689697,
    1.2073843800104582,
    1.204471611059629,
    1.1616304929439838,
    1.1952400207519531,
    1.1637417788688953,
    1.1335666546454797
  ],
  "val_accuracy": [
    0.0275,
    0.115,
    0.1825,
    0.12,
    0.2525,
    0.325,
    0.25,
    0.3825,
    0.455,
    0.3875,
    0.48,
    0.4975,
    0.4825,
    0.545,
    0.4925,
    0.5725,
    0.5375,
    0.5,
    0.525,
    0.5325,
    0.625,
    0.6425,
    0.6175,
    0.6675,
    0.6475,
    0.65,
    0.6675,
    0.6425,
    0.6675,
    0.6725,
    0.69,
    0.66,
    0.685,
    0.68,
    0.685,
    0.6825,
    0.695,
    0.695,
    0.69,
    0.7125
  ],
  "lr": [
    0.001,
    0.001,
    0.001,
    0.001,
    0.001,
    0.001,
    0.001,
    0.001,
    0.001,
    0.001,
    0.001,
    0.001,
    0.001,
    0.001,
    0.001,
    0.001,
    0.001,
    0.001,
    0.001,
    0.0005,
    0.0005,
    0.0005,
    0.0005,
    0.0005,
    0.0005,
    0.0005,
    0.0005,
    0.00025,
    0.00025,
    0.00025,
    0.00025,
    0.00025,
    0.00025,
    0.00025,
    0.000125,
    0.000125,
    0.000125,
    0.000125,
    6.25e-05,
    6.25e-05
  ],
  "time": [
    17.896371603012085,
    18.21703863143921,
    18.372809648513794,
    18.573164224624634,
    18.584372997283936,
    18.36319589614868,
    18.141350030899048,
    18.44087505340576,
    18.54547929763794,
    18.35593032836914,
    17.99040937423706,
    18.37548041343689,
    18.197100162506104,
    18.57187533378601,
    17.968196153640747,
    18.2028591632843,
    18.412779092788696,
    18.620895862579346,
    18.20476984977722,
    18.297971725463867,
    18.09240436553955,
    18.29603910446167,
    18.16544508934021,
    18.005616188049316,
    18.365262269973755,
    18.031201124191284,
    18.21457529067993,
    18.543482542037964,
    18.20579981803894,
    18.372581243515015,
    18.084753036499023,
    18.33729600906372,
    17.89060139656067,
    17.46145224571228,
    18.21189522743225,
    18.5803165435791,
    18.36801028251648,
    18.145488023757935,
    18.033199071884155,
    18.19859790802002
  ]
}