{
  "train_loss": [
    3.7086638651396098,
    3.226784812776666,
    2.9136830003638017,
    2.6926513220134534,
    2.5028681441357263,
    2.1755014563861645,
    1.9704650420891612,
    1.7448138375031321,
    1.646894555342825,
    1.5066707949889333,
    1.3508193932081525,
    1.2276810595863743,
    1.148576253338864,
    1.0352283182897066,
    0.9878665397041723,
    0.8834085935040524,
    0.7929704706919821,
    0.7531356568399229,
    0.7628618604258487,
    0.6474108923422662,
    0.5599253938386315,
    0.5985919739070692,
    0.6034855677893287,
    0.5490316646663767,
    0.3883819129121931,
    0.3023960296260683,
    0.27255509676117645,
    0.2590188513460912,
    0.24545375885147797,
    0.21769285751016518,
    0.20609099065002642,
    0.1932882545025725,
    0.1553202947895778,
    0.14982014423922488,
    0.13535790498319425,
    0.13746405334064835,
    0.12272292052052523,
    0.12458496942724052,
    0.12094539384308614,
    0.11643384348012899
  ],
  "train_accuracy": [
    0.059166666666666666,
    0.09333333333333334,
    0.15166666666666667,
    0.20666666666666667,
    0.2675,
    0.37166666666666665,
    0.41,
    0.4766666666666667,
    0.5083333333333333,
    0.5441666666666667,
    0.5766666666666667,
    0.6075,
    0.6333333333333333,
    0.6725,
    0.6866666666666666,
    0.7383333333333333,
    0.7708333333333334,
    0.7716666666666666,
    0.7591666666666667,
    0.8108333333333333,
    0.82,
    0.8116666666666666,
    0.8091666666666667,
    0.835,
    0.8825,
    0.9283333333333333,
    0.9216666666666666,
    0.94,
    0.9333333333333333,
    0.9441666666666667,
    0.94,
    0.9566666666666667,
    0.9716666666666667,
    0.9633333333333334,
    0.9758333333333333,
    0.9675,
    0.9791666666666666,
    0.9775,
    0.9766666666666667,
    0.9816666666666667
  ],
  "val_loss": [
    3.7570464244255652,
    3.0822419203244724,
    3.5295555774982157,
    3.0735715535970836,
    2.3908393933222842,
    2.2335126858491163,
    2.1588817009559045,
    2.276002122805669,
    1.935647881948031,
    1.8510869558040912,
    1.7953081314380352,
    1.7810821258104765,
    1.673540005317101,
    1.7420899684612567,
    1.64659544137808,
    1.6341206293839674,
    1.6736110815635095,
    1.4396920846058772,
    1.5285925223277166,
    1.4212965460924,
    1.5333875830356891,
    1.6235001912483802,
    1.8399571638840895,
    1.5964404803055983,
    1.3636043346845186,
    1.2461246252059937,
    1.2446174667431757,
    1.2999678345826955,
    1.222099441748399,
    1.2357738453608293,
    1.181131743467771,
    1.1771742839079637,
    1.147450341628148,
    1.1190872146533086,
    1.147434184184441,
    1.1427148076204152,
    1.1304255357155433,
    1.1264736835773175,
    1.1839098930358887,
    1.1144689046419585
  ],
  "val_accuracy": [
    0.05,
    0.13,
    0.09,
    0.1625,
    0.225,
    0.3575,
    0.35,
    0.3275,
    0.3975,
    0.42,
    0.4425,
    0.47,
    0.5175,
    0.475,
    0.5725,
    0.5425,
    0.5275,
    0.58,
    0.5525,
    0.61,
    0.5575,
    0.55,
    0.5325,
    0.565,
    0.595,
    0.685,
    0.665,
    0.6525,
    0.69,
    0.6375,
    0.685,
    0.6875,
    0.69,
    0.685,
    0.695,
    0.695,
    0.69,
    0.705,
    0.6875,
    0.72
  ],
  "lr": [
    0.001,
    0.001,
    0.001,
    0.001,
    0.001,
    0.001,
    0.001,
    0.001,
    0.001,
    0.001,
    0.001,
    0.001,
    0.001,
    0.001,
    0.001,
    0.001,
    0.001,
    0.001,
    0.001,
    0.001,
    0.001,
    0.001,
    0.001,
    0.0005,
    0.0005,
    0.0005,
    0.0005,
    0.0005,
    0.0005,
    0.00025,
    0.00025,
    0.00025,
    0.00025,
    0.000125,
    0.000125,
    0.000125,
    0.000125,
    0.000125,
    0.000125,
    0.000125
  ],
  "time": [
    16.49815583229065,
    16.91930913925171,
    17.418643474578857,
    16.909985303878784,
    15.11405897140503,
    15.293907642364502,
    16.189767599105835,
    10.743674516677856,
    10.41359806060791,
    14.916966915130615,
    16.61117196083069,
    16.769411325454712,
    16.779871225357056,
    16.57039785385132,
    16.755116939544678,
    15.401797771453857,
    15.18628191947937,
    15.581454038619995,
    16.99652671813965,
    16.763458490371704,
    17.24416470527649,
    16.59408950805664,
    16.809977531433105,
    16.934810638427734,
    16.392894744873047,
    16.34759831428528,
    16.41153311729431,
    16.40462899208069,
    16.189358949661255,
    16.57483196258545,
    11.398615598678589,
    14.383093118667603,
    16.633458137512207,
    16.57691502571106,
    16.581084489822388,
    16.887120008468628,
    16.70766544342041,
    15.375713586807251,
    15.87839412689209,
    16.210028648376465
  ]
}