{
  "train_loss": [
    3.8063029991952995,
    3.481244915410092,
    3.2531280768545052,
    3.0633770415657446,
    3.0419819355010986,
    2.8467751929634497,
    2.6796622088080957,
    2.448211149165505,
    2.2340478332419145,
    2.0611682440105237,
    1.9596447348594666,
    1.852629708616357,
    1.6896558529452275,
    1.5866118481284694,
    1.4668612448792708,
    1.407665269939523,
    1.3678598796066486,
    1.2934822973452116,
    1.240373824772082,
    1.1795627490470284,
    1.1931633133637278,
    1.0977256611773842,
    1.036643396866949,
    1.071371754533366,
    1.0014745938150507,
    0.9490898463286852,
    0.9620347352404344,
    0.9372754881256505,
    0.7863939906421461,
    0.690352580264995,
    0.6501894138361278,
    0.5987663935673865,
    0.5675161931859819,
    0.506586321090397,
    0.5217707235562173,
    0.3721311657052291,
    0.3284443512951073,
    0.29801548370405245,
    0.2851865197482862,
    0.27294393746476425,
    0.2156036166768325,
    0.17974882386624813,
    0.16372315232691012,
    0.14227580837905407,
    0.17150793067718806,
    0.1252715026861743,
    0.12153125221007749,
    0.10572747802852016,
    0.10636297005571817,
    0.11406811635549131
  ],
  "train_accuracy": [
    0.03,
    0.06916666666666667,
    0.085,
    0.13583333333333333,
    0.15,
    0.1775,
    0.20166666666666666,
    0.2758333333333333,
    0.32916666666666666,
    0.3641666666666667,
    0.395,
    0.42583333333333334,
    0.48,
    0.49833333333333335,
    0.5325,
    0.5341666666666667,
    0.5583333333333333,
    0.6075,
    0.59,
    0.6108333333333333,
    0.6,
    0.64,
    0.6566666666666666,
    0.6408333333333334,
    0.6691666666666667,
    0.6766666666666666,
    0.6875,
    0.6991666666666667,
    0.7558333333333334,
    0.7933333333333333,
    0.7875,
    0.8008333333333333,
    0.8066666666666666,
    0.8241666666666667,
    0.8275,
    0.8808333333333334,
    0.905,
    0.9008333333333334,
    0.9216666666666666,
    0.9125,
    0.9366666666666666,
    0.9583333333333334,
    0.96,
    0.9666666666666667,
    0.96,
    0.9733333333333334,
    0.9758333333333333,
    0.975,
    0.98,
    0.9741666666666666
  ],
  "val_loss": [
    3.625186938505906,
    3.459956554266123,
    3.3318635683793287,
    3.984801255739652,
    3.2105904725881724,
    3.6297247043022742,
    2.8217018934396596,
    2.8042864616100607,
    2.6133379752819357,
    2.5924925804138184,
    2.7567977538475623,
    2.557798697398259,
    2.7484150116260233,
    2.845398921232957,
    2.168416435901935,
    2.2755123468545766,
    2.0871702982829166,
    2.1862053137559156,
    1.918051343697768,
    2.0699470409980187,
    1.902539454973661,
    1.9899775248307447,
    2.3929336896309485,
    1.7992808818817139,
    1.949299931526184,
    2.04760087453402,
    2.1139317659231334,
    1.8003082183691173,
    1.6759600455944355,
    1.7927281581438506,
    1.6027375138722932,
    1.7918787827858558,
    1.8312856234036958,
    1.7664368611115675,
    1.6336651948782115,
    1.6137799070431635,
    1.6648977673970735,
    1.6451314733578608,
    1.7972111793664785,
    1.842259012735807,
    1.647294016984793,
    1.7394854105435884,
    1.728083793933575,
    1.7536302438149085,
    1.6791379268352802,
    1.83991578909067,
    1.7634765001443715,
    1.6970248222351074,
    1.813169424350445,
    1.8652998529947722
  ],
  "val_accuracy": [
    0.0625,
    0.0825,
    0.13,
    0.0575,
    0.115,
    0.125,
    0.2325,
    0.215,
    0.2875,
    0.2575,
    0.2775,
    0.2825,
    0.31,
    0.2975,
    0.38,
    0.3675,
    0.4225,
    0.4025,
    0.455,
    0.46,
    0.47,
    0.4375,
    0.375,
    0.53,
    0.4775,
    0.4725,
    0.4525,
    0.51,
    0.5475,
    0.505,
    0.5675,
    0.5275,
    0.545,
    0.5575,
    0.565,
    0.595,
    0.5675,
    0.585,
    0.5975,
    0.57,
    0.615,
    0.6,
    0.5875,
    0.5875,
    0.61,
    0.5975,
    0.6025,
    0.625,
    0.6075,
    0.6
  ],
  "lr": [
    0.004,
    0.004,
    0.004,
    0.004,
    0.004,
    0.004,
    0.004,
    0.004,
    0.004,
    0.004,
    0.004,
    0.004,
    0.004,
    0.004,
    0.004,
    0.004,
    0.004,
    0.004,
    0.004,
    0.004,
    0.004,
    0.004,
    0.004,
    0.004,
    0.004,
    0.004,
    0.004,
    0.002,
    0.002,
    0.002,
    0.002,
    0.002,
    0.002,
    0.002,
    0.001,
    0.001,
    0.001,
    0.001,
    0.001,
    0.0005,
    0.0005,
    0.0005,
    0.0005,
    0.0005,
    0.00025,
    0.00025,
    0.00025,
    0.00025,
    0.00025,
    0.00025
  ],
  "time": [
    19.81296467781067,
    19.921098470687866,
    20.17918062210083,
    19.803459882736206,
    20.32714009284973,
    17.093628406524658,
    17.448184490203857,
    17.84111261367798,
    17.565110206604004,
    17.96869707107544,
    18.10039520263672,
    17.686142206192017,
    17.769912719726562,
    14.739948749542236,
    16.34392809867859,
    19.357381582260132,
    20.20692229270935,
    16.47697949409485,
    16.976192474365234,
    17.21275496482849,
    17.34821367263794,
    16.68892002105713,
    17.018245935440063,
    15.707399606704712,
    16.52209973335266,
    16.818931818008423,
    17.22135066986084,
    15.947173357009888,
    13.65579080581665,
    14.271252393722534,
    16.59376549720764,
    16.261985301971436,
    15.603668928146362,
    16.5778489112854,
    16.51093888282776,
    16.110933303833008,
    16.39302659034729,
    15.804672241210938,
    16.385234594345093,
    16.643485069274902,
    14.8681321144104,
    17.310831546783447,
    17.189016342163086,
    17.19934916496277,
    16.986928462982178,
    15.379590272903442,
    14.040048360824585,
    14.702472925186157,
    14.334323644638062,
    16.69544291496277
  ]
}