{
  "train_loss": [
    3.7158319699136833,
    3.4353163054114892,
    3.27076026013023,
    3.093312476810656,
    2.8542509141721224,
    2.6771043288080314,
    2.636820579829969,
    2.5591117331856177,
    2.4954261215109574,
    2.451821399362464,
    2.1682884504920557,
    2.094106548710873,
    2.0325492338130347,
    2.049824843281194,
    2.0461229713339555,
    1.8527835011482239,
    1.75799665639275,
    1.6636514695067155,
    1.663665937749963,
    1.602055477468591,
    1.5932293283311945,
    1.5300463751742714,
    1.4260261858764447,
    1.4313077926635742,
    1.380044893214577,
    1.3025984073940076,
    1.29166263969321,
    1.2062855049183494,
    1.2253663445773877,
    1.1723047839967828,
    1.1675306895845814,
    1.116501985411895,
    1.1096239058594954,
    1.003425769115749,
    0.969669288710544,
    0.8893121496627205,
    0.8497666951857115,
    0.8762215438642,
    0.840467327519467,
    0.8428082560238085,
    0.811655874315061,
    0.7306111251053057,
    0.7682308703660965,
    0.7084770304592032,
    0.7615821659564972,
    0.7113428782475623,
    0.6951225094105068,
    0.6370280236005783,
    0.5977216559021097,
    0.6104074379331187
  ],
  "train_accuracy": [
    0.04583333333333333,
    0.05333333333333334,
    0.0975,
    0.13333333333333333,
    0.16333333333333333,
    0.19583333333333333,
    0.22,
    0.21416666666666667,
    0.24083333333333334,
    0.25,
    0.31416666666666665,
    0.3458333333333333,
    0.3433333333333333,
    0.345,
    0.365,
    0.43166666666666664,
    0.44666666666666666,
    0.4716666666666667,
    0.4683333333333333,
    0.4925,
    0.4675,
    0.5083333333333333,
    0.5258333333333334,
    0.5316666666666666,
    0.56,
    0.5816666666666667,
    0.58,
    0.6125,
    0.6133333333333333,
    0.6208333333333333,
    0.63,
    0.645,
    0.6533333333333333,
    0.6791666666666667,
    0.69,
    0.7216666666666667,
    0.7275,
    0.7075,
    0.7308333333333333,
    0.7266666666666667,
    0.7333333333333333,
    0.7716666666666666,
    0.7441666666666666,
    0.7625,
    0.76,
    0.7658333333333334,
    0.7625,
    0.7983333333333333,
    0.815,
    0.8083333333333333
  ],
  "val_loss": [
    3.687465997842642,
    3.3367752111875095,
    3.290474084707407,
    3.3455963684962344,
    2.772030702004066,
    2.5544760960799,
    2.717583344532893,
    2.566259402495164,
    2.5255157397343564,
    2.709680979068463,
    2.1777524764721212,
    2.3491146105986376,
    2.4996926601116476,
    2.274289140334496,
    2.1668567749170156,
    2.025853129533621,
    2.1053661016317515,
    2.0583005043176503,
    2.007947554955116,
    1.913515228491563,
    2.028021509830768,
    1.9142972047512348,
    1.8962192352001483,
    1.811260883624737,
    1.8216462777211115,
    1.7247929939856896,
    1.7623452590062068,
    1.8919550822331355,
    1.6189855887339666,
    1.7109158039093018,
    1.606676853620089,
    1.7433832425337572,
    1.7615238611514752,
    1.552499532699585,
    1.5145425842358515,
    1.5779379789645855,
    1.531958396618183,
    1.654944346501277,
    1.5174448581842275,
    1.5220242005128126,
    1.5056137213340173,
    1.5848900629923894,
    1.4127494188455434,
    1.5349402611072247,
    1.5214918714303236,
    1.524724501829881,
    1.6067661413779626,
    1.5573466832821186,
    1.5207074284553528,
    1.4487214042590215
  ],
  "val_accuracy": [
    0.0575,
    0.085,
    0.0925,
    0.0725,
    0.1925,
    0.2525,
    0.1825,
    0.2225,
    0.215,
    0.2025,
    0.3675,
    0.32,
    0.27,
    0.2975,
    0.345,
    0.4025,
    0.3975,
    0.3925,
    0.39,
    0.43,
    0.4,
    0.445,
    0.455,
    0.445,
    0.4625,
    0.475,
    0.5,
    0.4325,
    0.5125,
    0.515,
    0.4825,
    0.505,
    0.48,
    0.5175,
    0.5375,
    0.525,
    0.5525,
    0.5325,
    0.5275,
    0.5525,
    0.575,
    0.55,
    0.5875,
    0.555,
    0.56,
    0.57,
    0.54,
    0.57,
    0.5675,
    0.6
  ],
  "lr": [
    0.005,
    0.005,
    0.005,
    0.005,
    0.005,
    0.005,
    0.005,
    0.005,
    0.005,
    0.0025,
    0.0025,
    0.0025,
    0.0025,
    0.0025,
    0.00125,
    0.00125,
    0.00125,
    0.00125,
    0.00125,
    0.00125,
    0.00125,
    0.00125,
    0.00125,
    0.00125,
    0.00125,
    0.00125,
    0.00125,
    0.00125,
    0.00125,
    0.00125,
    0.00125,
    0.00125,
    0.000625,
    0.000625,
    0.000625,
    0.000625,
    0.000625,
    0.000625,
    0.000625,
    0.000625,
    0.000625,
    0.000625,
    0.000625,
    0.000625,
    0.000625,
    0.000625,
    0.0003125,
    0.0003125,
    0.0003125,
    0.0003125
  ],
  "time": [
    11.222846984863281,
    11.711016178131104,
    11.452629327774048,
    10.969782829284668,
    11.109394788742065,
    11.196818828582764,
    11.06459665298462,
    11.316737651824951,
    11.005512952804565,
    11.11689281463623,
    11.039758443832397,
    11.166857481002808,
    11.053277730941772,
    11.121135234832764,
    13.154343605041504,
    15.097095489501953,
    12.980512619018555,
    11.70574402809143,
    13.252945899963379,
    11.180299758911133,
    11.196900844573975,
    11.196714401245117,
    11.285629034042358,
    11.491349220275879,
    11.36099624633789,
    11.28654432296753,
    13.89129376411438,
    16.20057249069214,
    13.467029571533203,
    11.236691951751709,
    12.322114706039429,
    15.237111568450928,
    11.195148706436157,
    11.695724248886108,
    12.687321901321411,
    11.32856297492981,
    11.416035175323486,
    11.304784059524536,
    11.275571584701538,
    11.411095380783081,
    11.348104000091553,
    12.33422327041626,
    12.878923416137695,
    11.370922327041626,
    11.416750192642212,
    11.415177822113037,
    11.36797308921814,
    11.369709253311157,
    11.324429035186768,
    11.452759981155396
  ]
}