{
  "train_loss": [
    3.779962050287347,
    3.502233103701943,
    3.4368124321887366,
    3.2530623988101355,
    3.002474439771552,
    2.798028092635305,
    2.852755251683687,
    2.7177568423120597,
    2.5265427388642965,
    2.534249700998005,
    2.4016664969293693,
    2.290138746562757,
    2.2493100699625517,
    2.106208578536385,
    1.9949599159391302,
    1.9349232127791958,
    1.8579424337336892,
    1.860496511584834,
    1.7649898874132257,
    1.5212407331717641,
    1.4213335608181201,
    1.3314155183340375,
    1.342547402570122,
    1.2889639045062817,
    1.2686722858955986,
    1.1963801368286735,
    1.1245648186457784,
    1.0894273394032528,
    1.0789046162053157,
    1.1339874753826542,
    0.9981328421517423,
    0.9857609852364189,
    1.0264006790361906,
    0.8539227670744846,
    0.7328259239071294,
    0.7046527893919694,
    0.6896359520523172,
    0.6570464694186261,
    0.590386395391665,
    0.6443069090968684,
    0.6110888217624865,
    0.5884852511318106,
    0.5765278284486971,
    0.500614699564482,
    0.4471929743885994,
    0.4326869280714738,
    0.41109753360873774,
    0.41672461754397344,
    0.4044568413182309,
    0.37772742423572037
  ],
  "train_accuracy": [
    0.045,
    0.0475,
    0.06916666666666667,
    0.0975,
    0.14,
    0.15833333333333333,
    0.17166666666666666,
    0.18416666666666667,
    0.22583333333333333,
    0.24583333333333332,
    0.24833333333333332,
    0.3016666666666667,
    0.2991666666666667,
    0.34,
    0.39166666666666666,
    0.4008333333333333,
    0.3975,
    0.4033333333333333,
    0.42083333333333334,
    0.5158333333333334,
    0.54,
    0.575,
    0.5591666666666667,
    0.5758333333333333,
    0.5741666666666667,
    0.6141666666666666,
    0.64,
    0.6375,
    0.645,
    0.6575,
    0.6783333333333333,
    0.6808333333333333,
    0.6583333333333333,
    0.7258333333333333,
    0.7675,
    0.765,
    0.7833333333333333,
    0.7908333333333334,
    0.8141666666666667,
    0.795,
    0.8025,
    0.8133333333333334,
    0.8175,
    0.8458333333333333,
    0.8658333333333333,
    0.8716666666666667,
    0.8841666666666667,
    0.8725,
    0.885,
    0.8983333333333333
  ],
  "val_loss": [
    3.8963687236492452,
    3.522452171032245,
    3.36951496050908,
    3.1849624743828406,
    3.0590120278871975,
    3.923410544028649,
    3.457509297590989,
    2.8656704425811768,
    2.554306855568519,
    2.495867344049307,
    2.4445712016179013,
    2.4228591368748593,
    2.5939652552971473,
    2.586590528488159,
    2.1269134191366343,
    2.332146947200482,
    3.088985112997202,
    2.2075916620401235,
    2.3570382503362803,
    1.8729676283322847,
    1.909948128920335,
    1.7827241237346942,
    1.7865620943216176,
    1.7019444062159612,
    1.831458907860976,
    1.8630649218192468,
    1.7124976011422963,
    1.711258548956651,
    1.5709339747062097,
    1.9903731162731464,
    1.6210825855915363,
    1.7205464198039129,
    1.6423568725585938,
    1.4054716733785777,
    1.53719490308028,
    1.4145938845781179,
    1.3834014305701623,
    1.4373533771588252,
    1.433782627949348,
    1.7143261249248798,
    1.6400368488751924,
    1.3758049928225005,
    1.4533303104914153,
    1.3663743459261382,
    1.4624873032936683,
    1.2709583044052124,
    1.3256465471707857,
    1.36007926097283,
    1.3771365880966187,
    1.482573898938986
  ],
  "val_accuracy": [
    0.0375,
    0.065,
    0.0575,
    0.12,
    0.1575,
    0.095,
    0.1425,
    0.2025,
    0.23,
    0.285,
    0.2625,
    0.2925,
    0.27,
    0.25,
    0.365,
    0.3175,
    0.21,
    0.365,
    0.3375,
    0.45,
    0.4575,
    0.4775,
    0.455,
    0.505,
    0.46,
    0.465,
    0.495,
    0.52,
    0.5325,
    0.45,
    0.5175,
    0.51,
    0.5125,
    0.565,
    0.55,
    0.5825,
    0.5825,
    0.5625,
    0.6,
    0.565,
    0.555,
    0.585,
    0.58,
    0.575,
    0.59,
    0.61,
    0.6025,
    0.6025,
    0.6,
    0.6
  ],
  "lr": [
    0.005,
    0.005,
    0.005,
    0.005,
    0.005,
    0.005,
    0.005,
    0.005,
    0.005,
    0.005,
    0.005,
    0.005,
    0.005,
    0.005,
    0.005,
    0.005,
    0.005,
    0.005,
    0.0025,
    0.0025,
    0.0025,
    0.0025,
    0.0025,
    0.0025,
    0.0025,
    0.0025,
    0.0025,
    0.0025,
    0.0025,
    0.0025,
    0.0025,
    0.0025,
    0.00125,
    0.00125,
    0.00125,
    0.00125,
    0.00125,
    0.00125,
    0.00125,
    0.00125,
    0.00125,
    0.00125,
    0.000625,
    0.000625,
    0.000625,
    0.000625,
    0.000625,
    0.000625,
    0.000625,
    0.0003125
  ],
  "time": [
    20.566591501235962,
    20.384058475494385,
    21.176830291748047,
    21.247423887252808,
    18.31457233428955,
    15.987726211547852,
    15.581725835800171,
    15.7339768409729,
    15.529589891433716,
    15.412923097610474,
    15.643178701400757,
    15.287168741226196,
    15.450012922286987,
    15.361540794372559,
    15.429044485092163,
    15.569794178009033,
    15.423960208892822,
    15.299597263336182,
    15.194875001907349,
    15.36133074760437,
    15.361271142959595,
    15.570007562637329,
    20.60527014732361,
    14.350920915603638,
    16.313985347747803,
    15.906378030776978,
    16.417734146118164,
    16.40395975112915,
    16.295530796051025,
    16.013352870941162,
    15.698184490203857,
    16.24676489830017,
    15.958988904953003,
    15.469296216964722,
    20.332903623580933,
    21.50819158554077,
    21.49616289138794,
    21.134235858917236,
    17.259950637817383,
    21.081348657608032,
    20.651090145111084,
    21.412672758102417,
    21.327136993408203,
    21.582759380340576,
    21.21582555770874,
    21.6996169090271,
    21.640531063079834,
    16.123953104019165,
    11.803521871566772,
    15.32392930984497
  ]
}