{
  "train_loss": [
    3.728949264476174,
    3.4269764799820748,
    3.2889268962960494,
    3.1446497942271985,
    3.0496855848713924,
    2.9336035879034745,
    2.779580549189919,
    2.6475683952632703,
    2.5721205159237512,
    2.47739230959039,
    2.26008277190359,
    2.228551070941122,
    2.3849309808329533,
    2.2021888870941964,
    2.014417836540624,
    1.7981581907523305,
    1.7336445262557583,
    1.636534505768826,
    1.5736239521126998,
    1.5032442368959125,
    1.4716933055927879,
    1.4412758977789628,
    1.2780948861649162,
    1.324033741888247,
    1.262858271598816,
    1.1836021322953074,
    1.1899743315420652,
    1.1337552901945616,
    1.1456556665269952,
    1.1510353025637174,
    0.9283882630498785,
    0.8565566555449837,
    0.8047491813960829,
    0.8082245086368761,
    0.7860305183812192,
    0.7546230123231286,
    0.7524162923034868,
    0.7295864828323063,
    0.7073268011996621,
    0.6285866914611113,
    0.6926855664504202,
    0.676656996733264,
    0.5717819905594775,
    0.5600931220933011,
    0.5157578187553506,
    0.47046562088163274,
    0.4337467174780996,
    0.38781930545442983,
    0.3980464327492212,
    0.37469498499443654
  ],
  "train_accuracy": [
    0.035,
    0.0625,
    0.085,
    0.11833333333333333,
    0.13583333333333333,
    0.15916666666666668,
    0.18416666666666667,
    0.21583333333333332,
    0.23333333333333334,
    0.2733333333333333,
    0.32083333333333336,
    0.32083333333333336,
    0.2975,
    0.32083333333333336,
    0.4066666666666667,
    0.4425,
    0.4716666666666667,
    0.49,
    0.5133333333333333,
    0.5216666666666666,
    0.5658333333333333,
    0.5416666666666666,
    0.5858333333333333,
    0.5791666666666667,
    0.5958333333333333,
    0.63,
    0.6166666666666667,
    0.6333333333333333,
    0.6225,
    0.6125,
    0.705,
    0.7241666666666666,
    0.7391666666666666,
    0.7266666666666667,
    0.7533333333333333,
    0.7525,
    0.7458333333333333,
    0.7675,
    0.785,
    0.7966666666666666,
    0.7841666666666667,
    0.7741666666666667,
    0.8258333333333333,
    0.8358333333333333,
    0.8458333333333333,
    0.8541666666666666,
    0.8708333333333333,
    0.895,
    0.885,
    0.8866666666666667
  ],
  "val_loss": [
    3.610031017890343,
    3.6487199526566725,
    3.541586912595309,
    4.140350488516001,
    2.9761631855597863,
    2.998463979134193,
    2.892750960129958,
    3.398715275984544,
    2.8527021408081055,
    2.577108144760132,
    2.686630597481361,
    2.874607361280001,
    2.5347741750570445,
    2.5040447345146766,
    2.282118925681481,
    2.4268368024092455,
    2.1729008692961473,
    2.054592719444862,
    2.1568339421198917,
    2.070179480772752,
    1.971350330572862,
    1.9320194262724657,
    2.119071419422443,
    2.1033058808400082,
    1.8818676471710205,
    1.870905610231253,
    1.9260146801288311,
    2.068842897048363,
    1.9366423441813543,
    1.8525177607169518,
    1.9290103820654063,
    1.968442623431866,
    1.9212293808276837,
    1.707314500441918,
    1.71010894041795,
    1.7870925389803374,
    1.974959602722755,
    1.6608899785922124,
    1.8808318284841685,
    1.8826544835017278,
    1.8677577789013202,
    1.7381957952792828,
    1.7715015503076406,
    1.7750541155154889,
    1.7261287157352154,
    1.7371887518809392,
    1.8049562390034015,
    1.6993522735742421,
    1.7818299073439379,
    1.7397887523357685
  ],
  "val_accuracy": [
    0.055,
    0.0625,
    0.0725,
    0.045,
    0.155,
    0.1775,
    0.185,
    0.135,
    0.195,
    0.2875,
    0.245,
    0.2325,
    0.2775,
    0.265,
    0.3625,
    0.3425,
    0.355,
    0.3875,
    0.36,
    0.4,
    0.4275,
    0.4375,
    0.3825,
    0.405,
    0.4575,
    0.475,
    0.4375,
    0.4325,
    0.475,
    0.4525,
    0.4675,
    0.47,
    0.4725,
    0.5025,
    0.5325,
    0.51,
    0.48,
    0.54,
    0.51,
    0.505,
    0.52,
    0.5125,
    0.5425,
    0.5175,
    0.5375,
    0.52,
    0.5225,
    0.55,
    0.5275,
    0.535
  ],
  "lr": [
    0.004,
    0.004,
    0.004,
    0.004,
    0.004,
    0.004,
    0.004,
    0.004,
    0.004,
    0.004,
    0.004,
    0.004,
    0.004,
    0.002,
    0.002,
    0.002,
    0.002,
    0.002,
    0.002,
    0.002,
    0.002,
    0.002,
    0.002,
    0.002,
    0.002,
    0.002,
    0.002,
    0.002,
    0.002,
    0.001,
    0.001,
    0.001,
    0.001,
    0.001,
    0.001,
    0.001,
    0.001,
    0.001,
    0.001,
    0.001,
    0.001,
    0.0005,
    0.0005,
    0.0005,
    0.0005,
    0.00025,
    0.00025,
    0.00025,
    0.00025,
    0.00025
  ],
  "time": [
    17.079803943634033,
    16.924534559249878,
    16.66478705406189,
    17.20097541809082,
    17.531450748443604,
    17.151278495788574,
    16.523945093154907,
    13.011723279953003,
    12.072750329971313,
    12.802733898162842,
    18.47946262359619,
    17.987754583358765,
    18.124708652496338,
    17.765445470809937,
    18.016064882278442,
    17.96787691116333,
    17.59980797767639,
    18.175889015197754,
    17.957967042922974,
    17.776222944259644,
    17.84915041923523,
    16.035292148590088,
    15.110943794250488,
    15.401538133621216,
    15.278209924697876,
    15.07520580291748,
    15.094713687896729,
    15.154742240905762,
    15.079044342041016,
    15.308829069137573,
    15.059915781021118,
    15.351856708526611,
    15.405119180679321,
    15.450277328491211,
    15.577520847320557,
    15.70551347732544,
    15.4550142288208,
    15.11763310432434,
    15.35269045829773,
    15.263825416564941,
    15.325538873672485,
    15.196067333221436,
    15.465129137039185,
    15.339868307113647,
    13.004212379455566,
    11.577911376953125,
    11.699612617492676,
    11.784729480743408,
    11.64902400970459,
    11.757210969924927
  ]
}