{
  "train_loss": [
    3.811627061743485,
    3.503712685484635,
    3.317278692596837,
    3.0566907995625545,
    2.8509403404436613,
    2.7113589173869084,
    2.555009653693751,
    2.3242157540823283,
    2.10432242406042,
    2.0510076911825883,
    2.036159540477552,
    1.9077818205482082,
    1.8655243798306114,
    1.722476275343644,
    1.7480514676947343,
    1.696250761810102,
    1.73883014603665,
    1.4616654358412091,
    1.337452276756889,
    1.2753394795091528,
    1.2059441898998462,
    1.208177028517974,
    1.1749555421502966,
    1.1950048051382367,
    1.1178387105464935,
    1.010848045349121,
    1.0037000524370294,
    0.9248756468296051,
    0.8965471057515395,
    0.9818767842493559,
    0.9277031711841884,
    0.8623075634241104,
    0.9747285623299448,
    0.8806901432965931,
    0.8551148427160162,
    0.8431962414791709,
    0.8044477254152298,
    0.7339055679346386,
    0.7317096081219221,
    0.7146272863212385,
    0.5900283675444754,
    0.47568749205062266,
    0.4719255417585373,
    0.4481916596230708,
    0.4369872871198152,
    0.4437948198694932,
    0.43989349078190954,
    0.4336012343042775,
    0.3980944431141803,
    0.4344762406851116
  ],
  "train_accuracy": [
    0.03666666666666667,
    0.07083333333333333,
    0.095,
    0.13583333333333333,
    0.18666666666666668,
    0.19583333333333333,
    0.2375,
    0.30416666666666664,
    0.3516666666666667,
    0.36916666666666664,
    0.37916666666666665,
    0.4125,
    0.4125,
    0.47,
    0.4625,
    0.4683333333333333,
    0.4508333333333333,
    0.5516666666666666,
    0.5725,
    0.5875,
    0.6125,
    0.6225,
    0.615,
    0.6183333333333333,
    0.63,
    0.6741666666666667,
    0.6791666666666667,
    0.6983333333333334,
    0.725,
    0.68,
    0.6925,
    0.7033333333333334,
    0.6766666666666666,
    0.715,
    0.7133333333333334,
    0.7333333333333333,
    0.7266666666666667,
    0.7533333333333333,
    0.76,
    0.7725,
    0.8141666666666667,
    0.8633333333333333,
    0.8425,
    0.8641666666666666,
    0.8683333333333333,
    0.87,
    0.8683333333333333,
    0.8725,
    0.8833333333333333,
    0.86
  ],
  "val_loss": [
    3.6430144126598654,
    3.567576298346886,
    3.211544935519879,
    3.230789166230422,
    3.2441188922295203,
    3.10431379538316,
    2.796974915724534,
    2.4684300422668457,
    2.419676578961886,
    2.6978478615100565,
    2.7079821733328013,
    2.5116537717672496,
    2.23323982495528,
    2.442713746657738,
    2.943273525971633,
    2.357483011025649,
    2.2260372822101298,
    2.1415351079060483,
    2.3856367881481466,
    2.391969057229849,
    2.1690962406305165,
    2.5527692299622755,
    2.047824318592365,
    1.9694315928679247,
    1.8708286927296565,
    1.9254720944624681,
    1.9893898138633141,
    1.8549164350216205,
    2.211547072117145,
    2.430703823383038,
    1.7803025612464318,
    2.003644824028015,
    1.916144847869873,
    1.765178652910086,
    1.9467542263177724,
    1.903718196428739,
    1.824527878027696,
    1.9822757886006281,
    1.7516166521952703,
    2.091552440936749,
    1.6462600139471202,
    1.534404259461623,
    1.6458688240784864,
    1.6802518917964056,
    1.594468919130472,
    1.8947292291201079,
    1.6780343422522912,
    1.7048822733072133,
    1.6516723174315233,
    1.8021695705560536
  ],
  "val_accuracy": [
    0.065,
    0.0625,
    0.1,
    0.1475,
    0.1175,
    0.15,
    0.2375,
    0.285,
    0.3,
    0.2475,
    0.25,
    0.325,
    0.38,
    0.2675,
    0.2675,
    0.295,
    0.335,
    0.36,
    0.3375,
    0.35,
    0.4325,
    0.315,
    0.385,
    0.4325,
    0.4525,
    0.47,
    0.4225,
    0.475,
    0.4175,
    0.3475,
    0.4825,
    0.4575,
    0.47,
    0.4875,
    0.4675,
    0.495,
    0.4775,
    0.4725,
    0.465,
    0.455,
    0.535,
    0.525,
    0.5475,
    0.54,
    0.5525,
    0.5,
    0.57,
    0.55,
    0.5625,
    0.52
  ],
  "lr": [
    0.005,
    0.005,
    0.005,
    0.005,
    0.005,
    0.005,
    0.005,
    0.005,
    0.005,
    0.005,
    0.005,
    0.005,
    0.005,
    0.005,
    0.005,
    0.005,
    0.0025,
    0.0025,
    0.0025,
    0.0025,
    0.0025,
    0.0025,
    0.0025,
    0.0025,
    0.0025,
    0.0025,
    0.0025,
    0.0025,
    0.0025,
    0.0025,
    0.0025,
    0.0025,
    0.0025,
    0.0025,
    0.0025,
    0.0025,
    0.0025,
    0.0025,
    0.0025,
    0.00125,
    0.00125,
    0.00125,
    0.00125,
    0.00125,
    0.00125,
    0.00125,
    0.00125,
    0.00125,
    0.00125,
    0.00125
  ],
  "time": [
    16.448082447052002,
    16.54634404182434,
    16.208874702453613,
    16.18244242668152,
    16.548492193222046,
    15.822585344314575,
    16.35496211051941,
    15.97032380104065,
    16.556406259536743,
    16.364500045776367,
    16.485615491867065,
    16.24880361557007,
    16.135622262954712,
    16.20331311225891,
    15.96176266670227,
    16.393648624420166,
    16.852649927139282,
    16.60331630706787,
    17.999414205551147,
    17.821135759353638,
    16.66354250907898,
    17.28834867477417,
    17.51110601425171,
    17.572598934173584,
    17.421161890029907,
    17.542967557907104,
    17.294874906539917,
    17.20775270462036,
    17.384745597839355,
    15.488613367080688,
    18.231767654418945,
    18.364237070083618,
    18.005731105804443,
    18.110634803771973,
    18.20306706428528,
    17.82588768005371,
    17.92754602432251,
    18.243107318878174,
    18.101248502731323,
    18.455448865890503,
    17.75719666481018,
    17.933443784713745,
    17.880945205688477,
    17.90951108932495,
    18.063496589660645,
    17.555364847183228,
    18.47573161125183,
    18.054752111434937,
    17.96332550048828,
    18.35152816772461
  ]
}