{
  "train_loss": [
    3.7479665153904964,
    3.284023975071154,
    2.9821695403048865,
    2.7813336221795333,
    2.581860137613196,
    2.495579355641415,
    2.4110943392703406,
    2.3364565843030025,
    2.2913895531704553,
    2.2706222314583626,
    2.1152315955413017,
    2.073349805254685,
    2.0204358602824963,
    1.9719816571787785,
    1.9645904647676569,
    1.8803491812003286,
    1.8110604035226923,
    1.7762623743007058,
    1.7726403129728217,
    1.7121348632009405,
    1.7447799161860817,
    1.6238802577319897,
    1.5899814147698252,
    1.582721001223514,
    1.5357813144984997,
    1.5140576331238997,
    1.4682765383469432,
    1.4057493680401851,
    1.392762375505347,
    1.4075442427083065,
    1.3784290410970386,
    1.3548378787542645,
    1.3343292019869153,
    1.2900017029360722,
    1.2662607164759385,
    1.226681279508691,
    1.1850437741530568,
    1.211990779951999,
    1.1612878551608639,
    1.1951573867546885,
    1.1169069974046004,
    1.1018464926042055,
    1.0759958969919305,
    1.053845110692476,
    1.0298842897540645,
    1.0733931127347445,
    1.0263781249523163,
    0.9526044302865079,
    0.9906239956617355,
    0.9552595756555858
  ],
  "train_accuracy": [
    0.045,
    0.10666666666666667,
    0.14333333333333334,
    0.20416666666666666,
    0.23333333333333334,
    0.255,
    0.2625,
    0.2925,
    0.31416666666666665,
    0.335,
    0.3475,
    0.3516666666666667,
    0.37583333333333335,
    0.4041666666666667,
    0.39,
    0.4083333333333333,
    0.4325,
    0.445,
    0.44166666666666665,
    0.4691666666666667,
    0.46416666666666667,
    0.5091666666666667,
    0.5125,
    0.5241666666666667,
    0.5333333333333333,
    0.5166666666666667,
    0.5425,
    0.5516666666666666,
    0.5658333333333333,
    0.5425,
    0.5641666666666667,
    0.5858333333333333,
    0.5716666666666667,
    0.5825,
    0.5883333333333334,
    0.6141666666666666,
    0.6233333333333333,
    0.6241666666666666,
    0.6275,
    0.6116666666666667,
    0.6525,
    0.645,
    0.6583333333333333,
    0.6583333333333333,
    0.6725,
    0.6575,
    0.66,
    0.6891666666666667,
    0.6791666666666667,
    0.7066666666666667
  ],
  "val_loss": [
    3.6211353815518894,
    3.1788921722998986,
    3.0338886884542613,
    2.9336270552415113,
    2.7577723539792576,
    2.687491068473229,
    2.5989859837752123,
    2.902425160774818,
    2.5249642042013316,
    2.489974150290856,
    2.354637622833252,
    2.357020689890935,
    2.3186868245785055,
    2.409927771641658,
    2.2478558925481944,
    2.206897020339966,
    2.39096239896921,
    2.413628413127019,
    2.3218931601597714,
    2.2216202937639675,
    2.108079295891982,
    2.5728528683002176,
    2.259901450230525,
    2.4064059991102953,
    2.1768700709709754,
    2.0253871037409854,
    1.9857240456801195,
    2.262975179232084,
    1.883638886305002,
    1.9922408965917735,
    2.2032497112567606,
    2.055637102860671,
    1.8630249867072473,
    1.8824044649417584,
    1.777310114640456,
    1.9924427270889282,
    1.7664832243552575,
    1.758822771219107,
    2.070830592742333,
    1.976093420615563,
    1.7695814187710102,
    1.7307032713523278,
    1.693957044528081,
    1.6275720229515662,
    1.7253046861061683,
    1.8719354409437914,
    1.6441519260406494,
    1.8204336991676917,
    1.8070961970549364,
    1.6536254057517419
  ],
  "val_accuracy": [
    0.06,
    0.155,
    0.185,
    0.2275,
    0.2225,
    0.24,
    0.255,
    0.185,
    0.28,
    0.3425,
    0.3375,
    0.345,
    0.3625,
    0.33,
    0.4025,
    0.3575,
    0.3175,
    0.3425,
    0.3575,
    0.3925,
    0.3975,
    0.33,
    0.365,
    0.3575,
    0.385,
    0.475,
    0.475,
    0.37,
    0.4925,
    0.4425,
    0.415,
    0.4275,
    0.4825,
    0.4775,
    0.5075,
    0.4625,
    0.535,
    0.5325,
    0.44,
    0.445,
    0.52,
    0.5225,
    0.5025,
    0.5525,
    0.5125,
    0.5175,
    0.55,
    0.5025,
    0.515,
    0.5375
  ],
  "lr": [
    0.001,
    0.001,
    0.001,
    0.001,
    0.001,
    0.001,
    0.001,
    0.001,
    0.001,
    0.001,
    0.001,
    0.001,
    0.001,
    0.001,
    0.001,
    0.001,
    0.001,
    0.001,
    0.001,
    0.001,
    0.001,
    0.001,
    0.001,
    0.001,
    0.001,
    0.001,
    0.001,
    0.001,
    0.001,
    0.001,
    0.001,
    0.001,
    0.001,
    0.001,
    0.001,
    0.001,
    0.001,
    0.001,
    0.001,
    0.001,
    0.001,
    0.001,
    0.001,
    0.001,
    0.001,
    0.001,
    0.001,
    0.001,
    0.001,
    0.001
  ],
  "time": [
    16.807538270950317,
    16.426146030426025,
    16.76736807823181,
    16.80518674850464,
    16.55675721168518,
    16.81889295578003,
    16.36136531829834,
    16.404255390167236,
    16.76983880996704,
    16.5812509059906,
    16.39266848564148,
    16.587997913360596,
    16.56627058982849,
    16.665406227111816,
    15.130674123764038,
    14.932495832443237,
    14.576683282852173,
    14.794944047927856,
    14.994049072265625,
    14.974057674407959,
    15.240947484970093,
    15.137397766113281,
    14.906380414962769,
    15.138399124145508,
    14.612396955490112,
    15.171167612075806,
    14.744524955749512,
    15.171996831893921,
    14.889971017837524,
    15.152302503585815,
    14.53483510017395,
    15.22410273551941,
    14.643574953079224,
    15.407301902770996,
    15.214686393737793,
    14.947304248809814,
    14.952695846557617,
    15.47252082824707,
    14.750476598739624,
    15.395434617996216,
    14.86597204208374,
    14.888043403625488,
    14.861477613449097,
    15.555490016937256,
    14.664431095123291,
    15.113369226455688,
    14.85860300064087,
    15.107547283172607,
    14.83237075805664,
    15.180093765258789
  ]
}