{
  "train_loss": [
    3.752700134327537,
    3.3447449019080713,
    3.077717053262811,
    2.8570011477721367,
    2.7264426130997506,
    2.5721495904420553,
    2.4616311537592033,
    2.426432151543467,
    2.2775703041177047,
    2.266192295049366,
    2.2204369839869047,
    2.1162697798327397,
    2.0450427877275565,
    1.9536486205301786,
    2.040584429314262,
    1.8939717255140607,
    1.8464299189416986,
    1.7904561099253202,
    1.772809740744139,
    1.7461248761729191,
    1.6896753468011554,
    1.6603485910516036,
    1.6180657493440729,
    1.6189168973972923,
    1.5600053699393022,
    1.4621117679696334,
    1.5083238168766624,
    1.4530665717626874,
    1.4776833010347266,
    1.3313392494854175,
    1.3633119746258384,
    1.314553682741366,
    1.2630883486647355,
    1.3106335887783451,
    1.2873840081064325,
    1.2066297735038556,
    1.2176152655952854,
    1.170627015201669,
    1.2037462513697774,
    1.1663377143834766,
    1.1545995317007367,
    1.051483579372105,
    1.0635977669766075,
    1.0867187647443068,
    1.0443645888253261,
    1.0218291031686884,
    1.0396887910993475,
    1.05054971105174,
    0.9503468541722548,
    0.9652483008409801
  ],
  "train_accuracy": [
    0.060833333333333336,
    0.09083333333333334,
    0.14916666666666667,
    0.16666666666666666,
    0.1925,
    0.23833333333333334,
    0.2725,
    0.275,
    0.3025,
    0.31333333333333335,
    0.30666666666666664,
    0.3575,
    0.38,
    0.3925,
    0.38333333333333336,
    0.4058333333333333,
    0.4225,
    0.43,
    0.44,
    0.4666666666666667,
    0.46166666666666667,
    0.485,
    0.5025,
    0.49,
    0.5091666666666667,
    0.5483333333333333,
    0.5283333333333333,
    0.54,
    0.5266666666666666,
    0.5791666666666667,
    0.5733333333333334,
    0.5741666666666667,
    0.5891666666666666,
    0.5741666666666667,
    0.585,
    0.6141666666666666,
    0.61,
    0.6283333333333333,
    0.6033333333333334,
    0.63,
    0.6358333333333334,
    0.645,
    0.6566666666666666,
    0.6516666666666666,
    0.655,
    0.6758333333333333,
    0.6583333333333333,
    0.6591666666666667,
    0.685,
    0.6916666666666667
  ],
  "val_loss": [
    3.6854814749497633,
    3.1729463797349196,
    2.890673582370465,
    2.8027579600994406,
    2.701696982750526,
    2.546544698568491,
    2.567270223910992,
    2.3803248405456543,
    2.3828493540103617,
    2.66718759903541,
    2.6922406600071835,
    2.278296342262855,
    2.1443908581366906,
    2.291211018195519,
    2.231693671299861,
    2.0876742876493015,
    2.1865572104087243,
    2.100768887079679,
    1.9783263114782481,
    2.0891674757003784,
    2.3200374199793887,
    2.0003268993817844,
    2.1166610717773438,
    1.9595327652417696,
    1.922514713727511,
    2.2355102484042826,
    2.2509653109770555,
    1.802435590670659,
    1.8700710810147798,
    2.2652401007138767,
    1.729607948890099,
    1.8350134446070745,
    1.8913870407984807,
    2.3099593932812033,
    1.6747015439547026,
    1.8625900561992939,
    1.7607997747567983,
    1.8965900494502141,
    1.8418013957830577,
    2.023017874130836,
    2.0729047701908994,
    1.8302176182086651,
    1.963621084506695,
    1.956517925629249,
    1.669686143214886,
    1.762515819989718,
    1.6184391516905565,
    1.7580332297545214,
    1.864500641822815,
    1.6656683133198664
  ],
  "val_accuracy": [
    0.0525,
    0.14,
    0.1675,
    0.2175,
    0.1975,
    0.2225,
    0.2425,
    0.2725,
    0.3,
    0.2325,
    0.27,
    0.2975,
    0.3525,
    0.3175,
    0.3575,
    0.3875,
    0.3875,
    0.37,
    0.43,
    0.38,
    0.31,
    0.4125,
    0.3975,
    0.385,
    0.4175,
    0.3425,
    0.3825,
    0.4525,
    0.445,
    0.355,
    0.4725,
    0.48,
    0.47,
    0.3925,
    0.525,
    0.4725,
    0.4975,
    0.455,
    0.495,
    0.3925,
    0.42,
    0.4675,
    0.41,
    0.4275,
    0.49,
    0.4875,
    0.5275,
    0.5,
    0.5025,
    0.5275
  ],
  "lr": [
    0.001,
    0.001,
    0.001,
    0.001,
    0.001,
    0.001,
    0.001,
    0.001,
    0.001,
    0.001,
    0.001,
    0.001,
    0.001,
    0.001,
    0.001,
    0.001,
    0.001,
    0.001,
    0.001,
    0.001,
    0.001,
    0.001,
    0.001,
    0.001,
    0.001,
    0.001,
    0.001,
    0.001,
    0.001,
    0.001,
    0.001,
    0.001,
    0.001,
    0.001,
    0.001,
    0.001,
    0.001,
    0.001,
    0.001,
    0.001,
    0.001,
    0.001,
    0.001,
    0.001,
    0.001,
    0.001,
    0.001,
    0.001,
    0.001,
    0.001
  ],
  "time": [
    17.06583023071289,
    16.522021055221558,
    16.670457363128662,
    16.52131175994873,
    16.637656450271606,
    16.39722776412964,
    16.711076259613037,
    16.445708990097046,
    16.612054586410522,
    16.53407621383667,
    16.43934202194214,
    16.626126766204834,
    16.292746543884277,
    16.41231894493103,
    16.404581785202026,
    16.78836703300476,
    16.47490954399109,
    16.313929080963135,
    16.47993278503418,
    16.484331369400024,
    16.667991161346436,
    16.561086177825928,
    16.40384078025818,
    16.646390676498413,
    16.732490062713623,
    16.42193841934204,
    16.534944772720337,
    14.950687408447266,
    13.517841577529907,
    13.467447280883789,
    13.53049087524414,
    13.343240737915039,
    13.641422033309937,
    13.758679866790771,
    13.220332860946655,
    13.452606678009033,
    13.307792663574219,
    13.417603254318237,
    13.800947189331055,
    13.13512110710144,
    13.438433647155762,
    13.64673376083374,
    13.838774919509888,
    13.978685855865479,
    13.730679750442505,
    13.533644437789917,
    13.534318208694458,
    13.497307062149048,
    13.301468133926392,
    13.675379991531372
  ]
}