{
  "train_loss": [
    3.713388618670012,
    3.2348016563214754,
    2.951544661270945,
    2.7338064407047473,
    2.6803517780805888,
    2.532039667430677,
    2.411952809283608,
    2.315152983916433,
    2.2152851035720422,
    2.181027716711948,
    2.13885949473632,
    2.064184794300481,
    1.9370656860502142,
    1.888942683997907,
    1.83511735891041,
    1.7467394157459861,
    1.76146505067223,
    1.7316424470198781,
    1.6701406616913645,
    1.6074031026739823,
    1.6104795211239864,
    1.5429242472899587,
    1.486134431864086,
    1.50389690148203,
    1.4014640026970913,
    1.3751133068611747,
    1.319231463106055,
    1.3508942174284082,
    1.292679781976499,
    1.2973580611379523,
    1.2518780576555353,
    1.2391982455002635,
    1.2052014799494493,
    1.2062321885635978,
    1.2165928796717995,
    1.1482216794239848,
    1.1177111189616353,
    1.101142207258626,
    1.0873071912087893,
    1.041008892812227,
    1.0665222610297955,
    1.0283323291100954,
    1.0225447761385065,
    1.0260660789514844,
    0.9549848013802579,
    0.9733328536937111,
    0.9145181398642691,
    0.9153712140886408,
    0.8761665287770724,
    0.8666933727891821
  ],
  "train_accuracy": [
    0.06166666666666667,
    0.1125,
    0.17416666666666666,
    0.21166666666666667,
    0.22666666666666666,
    0.25333333333333335,
    0.2816666666666667,
    0.2816666666666667,
    0.31916666666666665,
    0.3408333333333333,
    0.3525,
    0.36666666666666664,
    0.41833333333333333,
    0.4175,
    0.43416666666666665,
    0.4525,
    0.465,
    0.4583333333333333,
    0.4741666666666667,
    0.5008333333333334,
    0.505,
    0.52,
    0.5383333333333333,
    0.54,
    0.5591666666666667,
    0.58,
    0.5808333333333333,
    0.5725,
    0.5933333333333334,
    0.5866666666666667,
    0.61,
    0.6125,
    0.63,
    0.63,
    0.5983333333333334,
    0.6366666666666667,
    0.64,
    0.6516666666666666,
    0.635,
    0.6858333333333333,
    0.6575,
    0.6716666666666666,
    0.6616666666666666,
    0.6691666666666667,
    0.7091666666666666,
    0.6858333333333333,
    0.7075,
    0.7,
    0.7291666666666666,
    0.7425
  ],
  "val_loss": [
    3.5904621527745175,
    3.024434419778677,
    2.7913349775167613,
    2.6510275510641246,
    2.686569470625657,
    2.448424210915199,
    2.3614289485491238,
    2.5013455060812144,
    2.1659251176393948,
    2.4235554291651797,
    2.3082832189706655,
    2.145666920221769,
    2.0322010792218723,
    2.061071065755991,
    2.030541099034823,
    1.8845957334224994,
    2.114782553452712,
    1.8940159724308894,
    1.7401512586153471,
    1.754236441392165,
    1.6915762241070087,
    1.84459938452794,
    1.6797632712584276,
    1.770383046223567,
    1.9814449090224047,
    1.6906091616703913,
    2.2420179660503683,
    1.8661555693699763,
    2.258707129038297,
    2.0467259150284987,
    1.6209079852470984,
    1.654515027999878,
    1.5144769320121179,
    1.6397370925316443,
    1.6625493306380053,
    2.3079007405501146,
    2.0148376684922438,
    1.8051071808888361,
    2.0401005378136268,
    1.5685832867255578,
    1.5010880782054021,
    1.760456213584313,
    1.580525517463684,
    1.6097619808637178,
    1.5151255176617549,
    1.641964389727666,
    1.5121552760784442,
    1.9973329122249897,
    1.5671008733602672,
    1.7031124921945424
  ],
  "val_accuracy": [
    0.0725,
    0.1875,
    0.2075,
    0.2725,
    0.2175,
    0.2775,
    0.2875,
    0.235,
    0.365,
    0.285,
    0.3225,
    0.38,
    0.395,
    0.37,
    0.4075,
    0.445,
    0.39,
    0.41,
    0.465,
    0.4575,
    0.47,
    0.46,
    0.515,
    0.455,
    0.4525,
    0.485,
    0.375,
    0.4625,
    0.3875,
    0.4175,
    0.525,
    0.4925,
    0.5375,
    0.52,
    0.515,
    0.3925,
    0.44,
    0.4425,
    0.4675,
    0.525,
    0.555,
    0.4725,
    0.52,
    0.555,
    0.545,
    0.525,
    0.58,
    0.4525,
    0.57,
    0.51
  ],
  "lr": [
    0.001,
    0.001,
    0.001,
    0.001,
    0.001,
    0.001,
    0.001,
    0.001,
    0.001,
    0.001,
    0.001,
    0.001,
    0.001,
    0.001,
    0.001,
    0.001,
    0.001,
    0.001,
    0.001,
    0.001,
    0.001,
    0.001,
    0.001,
    0.001,
    0.001,
    0.001,
    0.001,
    0.001,
    0.001,
    0.001,
    0.001,
    0.001,
    0.001,
    0.001,
    0.001,
    0.001,
    0.001,
    0.001,
    0.001,
    0.001,
    0.001,
    0.001,
    0.001,
    0.001,
    0.001,
    0.001,
    0.001,
    0.001,
    0.001,
    0.001
  ],
  "time": [
    16.659098386764526,
    16.448293447494507,
    16.166635990142822,
    16.32759380340576,
    16.22798204421997,
    16.41387939453125,
    16.56662917137146,
    16.53008770942688,
    16.40659761428833,
    16.587331771850586,
    16.447579860687256,
    16.61764430999756,
    16.554075002670288,
    16.34757399559021,
    16.35584855079651,
    16.26055669784546,
    16.550889253616333,
    16.19342803955078,
    16.601964712142944,
    16.03268814086914,
    16.364412307739258,
    16.454270124435425,
    16.345341682434082,
    16.83217692375183,
    13.190707445144653,
    10.775636672973633,
    12.196433067321777,
    12.465985298156738,
    12.29574203491211,
    12.422739267349243,
    12.809393644332886,
    12.612039804458618,
    12.649529695510864,
    12.525895595550537,
    12.55987811088562,
    12.403228759765625,
    12.779155731201172,
    12.311842918395996,
    12.521690130233765,
    12.548335552215576,
    12.262423038482666,
    12.446911096572876,
    12.469622611999512,
    12.671545028686523,
    12.723582744598389,
    12.526206016540527,
    12.460854291915894,
    12.422346591949463,
    12.799015283584595,
    12.562628269195557
  ]
}