{
  "train_loss": [
    3.723186837999444,
    3.253282804238169,
    2.941827786596198,
    2.7823127257196525,
    2.66247830892864,
    2.55193325092918,
    2.4960138672276546,
    2.396667373807807,
    2.2877916411349646,
    2.2795616294208325,
    2.159507757739017,
    2.1329200299162614,
    2.1032642847613285,
    1.9838720309106928,
    1.9583118997122113,
    1.9631917978587903,
    1.8677714372936047,
    1.7388765717807568,
    1.7898350546234532,
    1.728245866926093,
    1.658719097313128,
    1.6157634007303339,
    1.5717705770542747,
    1.612276149423499,
    1.559006298843183,
    1.483956189532029,
    1.4290320590922707,
    1.43237210574903,
    1.3578880272413556,
    1.3939873670276843,
    1.3312924472909224,
    1.2938943238634812,
    1.2871708054291575,
    1.267110653613743,
    1.2804564974809949,
    1.2616964970764362,
    1.2307495114050413,
    1.1761699883561385,
    1.118551674642061,
    1.056678836282931,
    1.0958189540787746,
    1.0987199137085362,
    1.0667800542555357,
    1.0542228206207878,
    1.010983889040194,
    1.037844097927997,
    0.9534778814566763,
    0.9916708453705436,
    0.9367902749463132,
    0.9642258192363539
  ],
  "train_accuracy": [
    0.051666666666666666,
    0.11333333333333333,
    0.165,
    0.17916666666666667,
    0.22416666666666665,
    0.23583333333333334,
    0.25916666666666666,
    0.2825,
    0.30833333333333335,
    0.31,
    0.3416666666666667,
    0.3325,
    0.3491666666666667,
    0.39416666666666667,
    0.4041666666666667,
    0.39416666666666667,
    0.4225,
    0.4558333333333333,
    0.4475,
    0.45916666666666667,
    0.4866666666666667,
    0.48083333333333333,
    0.52,
    0.4975,
    0.5283333333333333,
    0.5166666666666667,
    0.5591666666666667,
    0.5483333333333333,
    0.5525,
    0.5733333333333334,
    0.5816666666666667,
    0.5908333333333333,
    0.5833333333333334,
    0.5975,
    0.585,
    0.61,
    0.6025,
    0.625,
    0.6533333333333333,
    0.6741666666666667,
    0.6716666666666666,
    0.645,
    0.6683333333333333,
    0.6608333333333334,
    0.6741666666666667,
    0.6541666666666667,
    0.6758333333333333,
    0.6708333333333333,
    0.705,
    0.69
  ],
  "val_loss": [
    3.7102210154900184,
    3.106814274421105,
    2.8044992043421817,
    2.731678137412438,
    3.0376917398892918,
    2.6133346374218283,
    2.533967825082632,
    2.4457184168008657,
    2.5712427542759824,
    2.372281111203707,
    2.4283797557537374,
    2.470678164408757,
    2.3490010499954224,
    2.2080754041671753,
    2.7535720421717715,
    2.3084657925825853,
    2.0882621728456936,
    2.1651627742327175,
    2.609045542203463,
    2.3558836533473086,
    2.151442206822909,
    2.2179305094939012,
    2.98385632955111,
    1.8655893160746648,
    2.140928525191087,
    2.703032236832839,
    2.1800304651260376,
    2.1336975005956798,
    2.0886353254318237,
    1.8002006915899424,
    1.8078172573676476,
    1.8532708241389348,
    1.9332752502881563,
    2.054014957868136,
    1.9983852093036358,
    1.8450934153336744,
    2.12978732585907,
    1.6683271664839525,
    1.9592700738173265,
    1.9381448488969069,
    1.6601982850294847,
    1.7069429525962243,
    1.9024534959059496,
    2.573783140916091,
    2.3191005266629734,
    1.932205924620995,
    1.6234935430380015,
    1.7600861054200392,
    1.7453484260118926,
    1.9718505694315984
  ],
  "val_accuracy": [
    0.0425,
    0.145,
    0.1725,
    0.21,
    0.155,
    0.23,
    0.2225,
    0.2625,
    0.265,
    0.315,
    0.31,
    0.295,
    0.3175,
    0.375,
    0.2625,
    0.345,
    0.3775,
    0.37,
    0.3275,
    0.37,
    0.3675,
    0.365,
    0.275,
    0.465,
    0.395,
    0.35,
    0.4025,
    0.42,
    0.4025,
    0.4825,
    0.4825,
    0.495,
    0.42,
    0.4425,
    0.4025,
    0.5175,
    0.42,
    0.5275,
    0.4375,
    0.475,
    0.515,
    0.52,
    0.4325,
    0.365,
    0.455,
    0.475,
    0.52,
    0.525,
    0.4825,
    0.475
  ],
  "lr": [
    0.001,
    0.001,
    0.001,
    0.001,
    0.001,
    0.001,
    0.001,
    0.001,
    0.001,
    0.001,
    0.001,
    0.001,
    0.001,
    0.001,
    0.001,
    0.001,
    0.001,
    0.001,
    0.001,
    0.001,
    0.001,
    0.001,
    0.001,
    0.001,
    0.001,
    0.001,
    0.001,
    0.001,
    0.001,
    0.001,
    0.001,
    0.001,
    0.001,
    0.001,
    0.001,
    0.001,
    0.001,
    0.001,
    0.001,
    0.001,
    0.001,
    0.001,
    0.001,
    0.001,
    0.001,
    0.001,
    0.001,
    0.001,
    0.001,
    0.001
  ],
  "time": [
    14.874101638793945,
    14.95144248008728,
    14.60311770439148,
    15.056279182434082,
    14.971794128417969,
    14.95199728012085,
    14.819708585739136,
    14.92456865310669,
    14.640072584152222,
    15.251653671264648,
    15.078855514526367,
    14.857473373413086,
    14.855149984359741,
    14.983342409133911,
    12.258567571640015,
    12.397220849990845,
    15.058413028717041,
    15.065142393112183,
    14.962545156478882,
    14.789988994598389,
    14.583855867385864,
    15.09392762184143,
    14.882345199584961,
    15.115114688873291,
    15.085270404815674,
    15.061546564102173,
    16.26410698890686,
    15.765913009643555,
    16.27294635772705,
    15.362114667892456,
    15.948039054870605,
    15.231086015701294,
    16.18046259880066,
    15.298555374145508,
    16.130740642547607,
    15.346405744552612,
    15.99842119216919,
    15.576706409454346,
    16.06753945350647,
    14.918593883514404,
    15.993621349334717,
    15.179465293884277,
    15.781215190887451,
    15.971038103103638,
    15.626378297805786,
    15.997425556182861,
    15.559200048446655,
    15.891701936721802,
    15.176241874694824,
    15.95498776435852
  ]
}