{
  "train_loss": [
    3.699403160496762,
    3.232557861428512,
    2.952405258228904,
    2.7052698386342904,
    2.5658553525021204,
    2.4760083618916964,
    2.413797698522869,
    2.3098938778827063,
    2.176668317694413,
    2.112264855911857,
    2.081282581153669,
    1.9906557892498218,
    2.018835384594767,
    1.9005377857308638,
    1.7809996322581643,
    1.7857130828656649,
    1.7052483778250844,
    1.7203001317225004,
    1.6652405952152454,
    1.6982691915411698,
    1.5167989699464095,
    1.4958817613752264,
    1.442549937649777,
    1.45163409804043,
    1.4589901095942448,
    1.4144894104254873,
    1.355928847664281,
    1.3232633063667698,
    1.336035441411169,
    1.2862066077558618,
    1.2177783752742566,
    1.258782413445021,
    1.1596541138071763,
    1.1567950938877307,
    1.1961798542424251,
    1.1468118084104437,
    1.1609172334796505,
    1.1074922461258738,
    1.069586339749788,
    1.123120322039253,
    1.075540205365733,
    1.0030469800296582,
    1.0372978590036694,
    0.9751900481550317,
    0.9970793096642745,
    1.0199563166028576,
    0.9670939916058591,
    0.9321873674267217,
    0.9500850815522043,
    0.9326685557239934
  ],
  "train_accuracy": [
    0.051666666666666666,
    0.11083333333333334,
    0.155,
    0.2225,
    0.21666666666666667,
    0.2683333333333333,
    0.25916666666666666,
    0.3016666666666667,
    0.3408333333333333,
    0.33916666666666667,
    0.36666666666666664,
    0.385,
    0.37166666666666665,
    0.4075,
    0.43416666666666665,
    0.4508333333333333,
    0.4716666666666667,
    0.465,
    0.485,
    0.4583333333333333,
    0.5325,
    0.5258333333333334,
    0.5425,
    0.5575,
    0.55,
    0.5583333333333333,
    0.5741666666666667,
    0.5783333333333334,
    0.5875,
    0.605,
    0.61,
    0.5858333333333333,
    0.6441666666666667,
    0.6266666666666667,
    0.6075,
    0.6483333333333333,
    0.6308333333333334,
    0.6541666666666667,
    0.655,
    0.64,
    0.65,
    0.6858333333333333,
    0.6725,
    0.665,
    0.6933333333333334,
    0.6775,
    0.6858333333333333,
    0.7183333333333334,
    0.6908333333333333,
    0.6916666666666667
  ],
  "val_loss": [
    3.621890819989718,
    3.0328612877772403,
    2.8090383456303525,
    2.798755113895123,
    2.7395608058342567,
    2.5981470621549168,
    2.4700878950265737,
    2.512142988351675,
    2.8822229091937723,
    2.4034682420583873,
    2.205555457335252,
    2.34483396089994,
    2.290192118057838,
    2.5699370274176965,
    2.5391734746786265,
    2.1193635005217333,
    2.123543592599722,
    2.4697683591109056,
    2.4805872440338135,
    2.1758945813545814,
    2.0332385026491604,
    1.9799442382959218,
    2.014098937694843,
    2.2502654515779934,
    2.5727716042445254,
    1.8286236891379724,
    2.004159239622263,
    1.8727501814181988,
    1.9207332959541907,
    2.028944703248831,
    2.026496694638179,
    1.6942750674027662,
    1.8134229825093195,
    2.167028702222384,
    2.034536288334773,
    1.9377504403774555,
    2.076703117443965,
    1.7652434844237108,
    1.8339470074726985,
    1.9584821462631226,
    1.8935590157142053,
    2.0208768294407773,
    2.084010280095614,
    1.8431817384866567,
    1.97886716402494,
    1.874577256349417,
    1.6919346314210157,
    1.7951282171102672,
    1.9710175532561083,
    1.7602221140494714
  ],
  "val_accuracy": [
    0.0675,
    0.145,
    0.2,
    0.2,
    0.2275,
    0.24,
    0.2575,
    0.2675,
    0.1825,
    0.3175,
    0.3075,
    0.355,
    0.335,
    0.255,
    0.3125,
    0.3875,
    0.3675,
    0.2925,
    0.345,
    0.3625,
    0.415,
    0.4075,
    0.45,
    0.35,
    0.32,
    0.45,
    0.4025,
    0.4425,
    0.4125,
    0.41,
    0.4675,
    0.535,
    0.4875,
    0.405,
    0.43,
    0.465,
    0.475,
    0.4725,
    0.4425,
    0.4425,
    0.51,
    0.475,
    0.4475,
    0.515,
    0.455,
    0.485,
    0.5275,
    0.49,
    0.45,
    0.52
  ],
  "lr": [
    0.001,
    0.001,
    0.001,
    0.001,
    0.001,
    0.001,
    0.001,
    0.001,
    0.001,
    0.001,
    0.001,
    0.001,
    0.001,
    0.001,
    0.001,
    0.001,
    0.001,
    0.001,
    0.001,
    0.001,
    0.001,
    0.001,
    0.001,
    0.001,
    0.001,
    0.001,
    0.001,
    0.001,
    0.001,
    0.001,
    0.001,
    0.001,
    0.001,
    0.001,
    0.001,
    0.001,
    0.001,
    0.001,
    0.001,
    0.001,
    0.001,
    0.001,
    0.001,
    0.001,
    0.001,
    0.001,
    0.001,
    0.001,
    0.001,
    0.001
  ],
  "time": [
    10.857841491699219,
    13.42294192314148,
    13.507845163345337,
    13.338700532913208,
    13.676201105117798,
    13.228996753692627,
    14.077967643737793,
    13.388625383377075,
    13.723825931549072,
    13.044461488723755,
    13.334925174713135,
    13.224527597427368,
    17.009427070617676,
    15.203720331192017,
    16.265443563461304,
    15.90604305267334,
    16.062655925750732,
    15.759422063827515,
    15.994746208190918,
    15.595087051391602,
    16.03115487098694,
    15.577314138412476,
    16.128727912902832,
    14.796519994735718,
    16.18221688270569,
    14.07285737991333,
    12.77397346496582,
    12.75813341140747,
    13.321075677871704,
    12.48918604850769,
    12.83853268623352,
    12.854472637176514,
    12.524261713027954,
    12.459132194519043,
    12.569205045700073,
    12.544377088546753,
    12.311968803405762,
    12.460218906402588,
    12.7459876537323,
    12.587766885757446,
    12.808027982711792,
    12.56881856918335,
    12.92894172668457,
    12.536197900772095,
    12.800819158554077,
    12.789497375488281,
    12.611815929412842,
    12.659308910369873,
    12.58283805847168,
    12.583534955978394
  ]
}